"","x"
"1","1__169796192__169796340"
"2","1__23356962__23385660"
"3","1__23381562__23399896"
"4","1__115277063__115277144"
"5","1__28056743__28086138"
"6","1__41536267__41541123"
"7","1__41578955__41582682"
"8","1__94360170__94363454"
"9","1__32627548__32628914"
"10","1__241767562__241767881"
"11","1__10412689__10435431"
"12","1__179310163__179310445"
"13","1__179317979__179318077"
"14","1__203676990__203690538"
"15","1__203676137__203696699"
"16","1__29586382__29586556"
"17","1__212515530__212521839"
"18","1__197091518__197101482"
"19","1__93167698__93202184"
"20","1__2100957__2105455"
"21","1__8926338__8927309"
"22","1__17907048__17907127"
"23","1__17907048__17961511"
"24","1__17934297__17975170"
"25","1__21220010__21268823"
"26","1__21306827__21437876"
"27","1__21377359__21437876"
"28","1__21415631__21437876"
"29","1__178359235__178359341"
"30","1__178252699__178423783"
"31","1__208218412__208218555"
"32","1__1721834__1724750"
"33","1__1735858__1737977"
"34","1__1737914__1749314"
"35","1__1737914__1770677"
"36","1__52293468__52299842"
"37","1__1158624__1164326"
"38","1__47030713__47037839"
"39","1__12030727__12033054"
"40","1__32689635__32694809"
"41","1__32694100__32694809"
"42","1__27432376__27434356"
"43","1__217665022__217787544"
"44","1__217783663__217787544"
"45","1__176563660__176564731"
"46","1__178846633__178852668"
"47","1__178753553__178854346"
"48","1__179019414__179023773"
"49","1__32792540__32793278"
"50","1__113196220__113209767"
"51","1__155385535__155385714"
"52","1__155313395__155429689"
"53","1__155447677__155452240"
"54","1__63042933__63052295"
"55","1__11118857__11118949"
"56","1__12042027__12042171"
"57","1__12061458__12069783"
"58","1__16044388__16047883"
"59","1__237023133__237026854"
"60","1__202724399__202736188"
"61","1__21553652__21554534"
"62","1__150307406__150318967"
"63","1__44415089__44422373"
"64","1__44773982__44818597"
"65","1__171492360__171494104"
"66","1__171556787__171557644"
"67","1__94953448__94956803"
"68","1__173450465__173450621"
"69","1__26772807__26774151"
"70","1__26772807__26784396"
"71","1__26784282__26786635"
"72","1__26786528__26786635"
"73","1__28233439__28233793"
"74","1__52082546__52117713"
"75","1__52231494__52238395"
"76","1__161748034__161830067"
"77","1__70766447__70779473"
"78","1__220326527__220327399"
"79","1__32502511__32502644"
"80","1__32540552__32566163"
"81","1__109477247__109477564"
"82","1__160293221__160302347"
"83","1__47737748__47748131"
"84","1__36475076__36492899"
"85","1__36479516__36520746"
"86","1__44290403__44303983"
"87","1__44386076__44386600"
"88","1__19410998__19415471"
"89","1__19420443__19474621"
"90","1__19499358__19501527"
"91","1__10132086__10165802"
"92","1__10209242__10221344"
"93","1__6021854__6029319"
"94","1__146724278__146731572"
"95","1__146757975__146759412"
"96","1__48821342__48825442"
"97","1__156913727__156949078"
"98","1__62713144__62734177"
"99","1__15844605__15844890"
"100","1__205119808__205138960"
"101","1__109883346__109890154"
"102","1__109883346__109912211"
"103","1__31422980__31454252"
"104","1__31465237__31479949"
"105","1__31532051__31532424"
"106","1__33794471__33820854"
"107","1__33794471__33836186"
"108","1__33836022__33841194"
"109","1__38047824__38053096"
"110","1__52954581__52954707"
"111","1__231506308__231509845"
"112","1__220193330__220197798"
"113","1__94140170__94140497"
"114","1__76253182__76255742"
"115","1__8555123__8684439"
"116","1__8674620__8684439"
"117","1__24021150__24022398"
"118","1__32050279__32051086"
"119","1__167935867__167944253"
"120","1__167935867__167974031"
"121","1__167935867__168020171"
"122","1__175996708__176085817"
"123","1__176118142__176133027"
"124","1__176050288__176153828"
"125","1__161128202__161128646"
"126","1__156703169__156705701"
"127","1__150990288__151001420"
"128","1__151611364__151641111"
"129","1__151317204__151317664"
"130","1__151212431__151215043"
"131","1__151340675__151342245"
"132","1__151062882__151070478"
"133","1__155026626__155032450"
"134","1__154228159__154228231"
"135","1__154226376__154232505"
"136","1__154229539__154232505"
"137","1__154229822__154232505"
"138","1__154234068__154234173"
"139","1__154231453__154243329"
"140","1__153635181__153635271"
"141","1__153640929__153642354"
"142","1__153635691__153642706"
"143","1__153723571__153742320"
"144","1__230313964__230339036"
"145","1__231079552__231097049"
"146","1__204085635__204086835"
"147","1__35846860__35865177"
"148","1__162469745__162470894"
"149","1__166838682__166839091"
"150","1__247039339__247040604"
"151","1__247020993__247076714"
"152","1__52825746__52827288"
"153","1__2443067__2449703"
"154","1__2447001__2449703"
"155","1__161183439__161183522"
"156","1__161192708__161193215"
"157","1__29362338__29365938"
"158","1__151234637__151238085"
"159","1__46105882__46126897"
"160","1__1192372__1192690"
"161","1__154558657__154560734"
"162","1__6659107__6659512"
"163","1__65305286__65321381"
"164","1__3440688__3440810"
"165","1__58971732__59002413"
"166","1__58971732__59004982"
"167","1__100342014__100343384"
"168","1__160314512__160324080"
"169","1__213046020__213061936"
"170","1__213037067__213062599"
"171","1__111731324__111731408"
"172","1__235643370__235652573"
"173","1__151139410__151139890"
"174","1__116931260__116944277"
"175","1__206566046__206567030"
"176","1__235747040__235758811"
"177","1__31901825__31902385"
"178","1__55524172__55527229"
"179","1__41471723__41474386"
"180","1__59787208__59805741"
"181","1__59787208__59812070"
"182","1__59787208__59922748"
"183","1__33093109__33100393"
"184","1__17742976__17749332"
"185","1__244715624__244724447"
"186","1__25666965__25678184"
"187","1__51032749__51061888"
"188","1__51121114__51171563"
"189","1__51049324__51204626"
"190","1__51121114__51210447"
"191","1__51253672__51267349"
"192","1__64474977__64516388"
"193","1__225140372__225195246"
"194","1__145601530__145601622"
"195","1__44877653__44878394"
"196","1__871152__877868"
"197","1__986833__987195"
"198","1__981344__989931"
"199","1__891303__891393"
"200","1__15370485__15370655"
"201","1__15382587__15386798"
"202","1__247322308__247323115"
"203","1__145916725__145919047"
"204","1__115005726__115007010"
"205","1__1451392__1454370"
"206","1__43868848__43870221"
"207","1__11193137__11298105"
"208","1__11205025__11303357"
"209","1__153905959__153914589"
"210","1__156237261__156237974"
"211","1__156246876__156248825"
"212","1__53333211__53333449"
"213","1__28800066__28807116"
"214","1__197552282__197614873"
"215","1__36773371__36775191"
"216","10__101553308__101554225"
"217","10__101553308__101572901"
"218","10__101556854__101572901"
"219","10__101567840__101572901"
"220","10__101569891__101572901"
"221","10__101553649__101594292"
"222","10__101567840__101606884"
"223","10__71874676__71880967"
"224","10__1125951__1126416"
"225","10__1123847__1142186"
"226","10__1130343__1151207"
"227","10__88212977__88233730"
"228","10__62634712__62637816"
"229","10__102256892__102262241"
"230","10__22019829__22024164"
"231","10__13375817__13387028"
"232","10__102740579__102740754"
"233","10__102738859__102740986"
"234","10__93702179__93757508"
"235","10__93754292__93771172"
"236","10__45484722__45484823"
"237","10__101659676__101659823"
"238","10__120824911__120825082"
"239","10__123549684__123629553"
"240","10__123658356__123673408"
"241","10__124151819__124159904"
"242","10__86177527__86185649"
"243","10__88651884__88659883"
"244","10__103384502__103432804"
"245","10__103432672__103433430"
"246","10__103384502__103436193"
"247","10__104119941__104120152"
"248","10__104122232__104130617"
"249","10__126176991__126186697"
"250","10__126185530__126302710"
"251","10__127431627__127442414"
"252","10__105371338__105377071"
"253","10__105371338__105420872"
"254","10__3201106__3202522"
"255","10__105677220__105677414"
"256","10__30748184__30748430"
"257","10__131943475__131959261"
"258","10__111667449__111674857"
"259","10__102697159__102703885"
"260","10__122612036__122648696"
"261","10__27453993__27454468"
"262","10__27458873__27460012"
"263","10__20432224__20453496"
"264","10__32560482__32562209"
"265","10__60556100__60558320"
"266","10__135116296__135116484"
"267","10__5944983__5969504"
"268","10__17730026__17750950"
"269","10__104238986__104241655"
"270","10__104247907__104248895"
"271","10__100013310__100016704"
"272","10__100013310__100017921"
"273","10__90661413__90682193"
"274","10__89530709__89536184"
"275","10__91511103__91522592"
"276","10__73956569__73975867"
"277","10__15863655__15889942"
"278","10__74100547__74100928"
"279","10__105165742__105177689"
"280","10__105165742__105182894"
"281","10__63810647__63829556"
"282","10__128795012__128797699"
"283","10__128768966__128926028"
"284","10__7762819__7777054"
"285","10__7786045__7786243"
"286","10__99218980__99228163"
"287","10__99236440__99238146"
"288","10__76602358__76780571"
"289","10__32101635__32199491"
"290","10__45956679__45959775"
"291","10__7844233__7844817"
"292","10__119049697__119078485"
"293","10__43282616__43292971"
"294","10__99922640__99923154"
"295","10__75296027__75299351"
"296","10__75302561__75302889"
"297","10__32304437__32320207"
"298","10__32304437__32327146"
"299","10__89690803__89712016"
"300","10__96101430__96110045"
"301","10__96101430__96117088"
"302","10__126691907__126799662"
"303","10__133753535__133761295"
"304","10__12123471__12139995"
"305","10__125798031__125801963"
"306","10__125780772__125806240"
"307","10__12802947__12833232"
"308","10__101439018__101439632"
"309","10__103567487__103567658"
"310","10__103868786__103871293"
"311","10__7318854__7409851"
"312","10__7409611__7423911"
"313","10__52220433__52350007"
"314","10__51749068__51767836"
"315","11__17124209__17143880"
"316","11__65061624__65063461"
"317","11__65063335__65063461"
"318","11__123489401__123489932"
"319","11__47814338__47869511"
"320","11__77396150__77404656"
"321","11__43421438__43429127"
"322","11__63662631__63663105"
"323","11__85685751__85695016"
"324","11__85685751__85712201"
"325","11__85707869__85718626"
"326","11__85685751__85742653"
"327","11__85701293__85742653"
"328","11__85707869__85742653"
"329","11__95620776__95647476"
"330","11__62394761__62402472"
"331","11__62406455__62407203"
"332","11__47652588__47656286"
"333","11__47774468__47776216"
"334","11__68272613__68315672"
"335","11__126275991__126279306"
"336","11__68552283__68552478"
"337","11__68571468__68580044"
"338","11__119144578__119145663"
"339","11__33362514__33363232"
"340","11__46515158__46515754"
"341","11__46515674__46534363"
"342","11__46529741__46534363"
"343","11__67261159__67271692"
"344","11__3697739__3716836"
"345","11__3712577__3716836"
"346","11__3752621__3756554"
"347","11__3704430__3789974"
"348","11__3752621__3800487"
"349","11__18305342__18307006"
"350","11__1773982__1774900"
"351","11__1773982__1778786"
"352","11__118360844__118372572"
"353","11__130773150__130776616"
"354","11__61551752__61553346"
"355","11__61605250__61615756"
"356","11__61556602__61557393"
"357","11__61556602__61558074"
"358","11__125478004__125478184"
"359","11__125476196__125481414"
"360","11__125488268__125488456"
"361","11__128350086__128360471"
"362","11__34129758__34135385"
"363","11__34139727__34162119"
"364","11__34107611__34112225"
"365","11__82989769__82991303"
"366","11__121458729__121458860"
"367","11__102056749__102076805"
"368","11__57259064__57259335"
"369","11__57259189__57259335"
"370","11__57258697__57268516"
"371","11__77649697__77652297"
"372","11__61108908__61113418"
"373","11__61578223__61578351"
"374","11__61570273__61578547"
"375","11__61574136__61578547"
"376","11__62370621__62379068"
"377","11__117062970__117064679"
"378","11__64027501__64031267"
"379","11__134062584__134078845"
"380","11__134062584__134079371"
"381","11__129722370__129725787"
"382","11__76183608__76207513"
"383","11__77815026__77820627"
"384","11__77820488__77830295"
"385","11__117089182__117094024"
"386","11__118940944__118950010"
"387","11__61118463__61120611"
"388","11__68115315__68115711"
"389","11__68115315__68125315"
"390","11__68125118__68181480"
"391","11__68115315__68193655"
"392","11__68125118__68207384"
"393","11__123611125__123611244"
"394","11__87025513__87030419"
"395","11__20083853__20104725"
"396","11__59410353__59415386"
"397","11__4132831__4133292"
"398","11__61044065__61045948"
"399","11__62648491__62655690"
"400","11__63585999__63595190"
"401","11__73748523__73844602"
"402","11__73849765__73850873"
"403","11__71201891__71202949"
"404","11__71184324__71209574"
"405","11__71152273__71152486"
"406","11__36516526__36518816"
"407","11__65988102__66006748"
"408","11__66006275__66006748"
"409","11__36119877__36248980"
"410","11__6519001__6530502"
"411","11__6565351__6589806"
"412","11__407817__410027"
"413","11__72420915__72422544"
"414","11__72420915__72425366"
"415","11__12785726__12886447"
"416","11__12785726__12903504"
"417","11__103151077__103194718"
"418","11__62984786__62985207"
"419","11__120276827__120278532"
"420","11__120345269__120348235"
"421","11__65392396__65396174"
"422","11__2997254__3000467"
"423","11__47603640__47604020"
"424","11__847201__850367"
"425","11__66254011__66255478"
"426","12__6635453__6635537"
"427","12__13061177__13062105"
"428","12__120992521__121004783"
"429","12__120995085__121009094"
"430","12__121004628__121009094"
"431","12__16042862__16043603"
"432","12__56676204__56680429"
"433","12__27067341__27067511"
"434","12__56481805__56490630"
"435","12__8192415__8192761"
"436","12__51089050__51090958"
"437","12__89995103__90014017"
"438","12__404739__417171"
"439","12__96076483__96077487"
"440","12__56956201__56981448"
"441","12__56974968__56982158"
"442","12__56981338__56982158"
"443","12__109639372__109644661"
"444","12__1213916__1225199"
"445","12__109196098__109205104"
"446","12__121773336__121775195"
"447","12__120600651__120601063"
"448","12__120592774__120613015"
"449","12__120578663__120615358"
"450","12__120600874__120615555"
"451","12__120600874__120622046"
"452","12__120615487__120628203"
"453","12__120636921__120637008"
"454","12__112120950__112121111"
"455","12__53702941__53703505"
"456","12__109072048__109095099"
"457","12__2975559__2975687"
"458","12__112130501__112147488"
"459","12__54735990__54739299"
"460","12__69109407__69126519"
"461","12__56822020__56828015"
"462","12__69653824__69656342"
"463","12__100433374__100466591"
"464","12__7053639__7055165"
"465","12__7054934__7055165"
"466","12__120241010__120270668"
"467","12__26568236__26596583"
"468","12__52446280__52451314"
"469","12__57559867__57571028"
"470","12__58166800__58166911"
"471","12__70193989__70195501"
"472","12__29786080__29786269"
"473","12__54062932__54063732"
"474","12__54062932__54066429"
"475","12__49719284__49723237"
"476","12__53670404__53671011"
"477","12__53664162__53686754"
"478","12__54675170__54676658"
"479","12__52380602__52385777"
"480","12__69214105__69222711"
"481","12__100676721__100691953"
"482","12__105591543__105605095"
"483","12__108086777__108103009"
"484","12__12022358__12022903"
"485","12__39064531__39096723"
"486","12__88553891__88554628"
"487","12__129293333__129294018"
"488","12__129293333__129294656"
"489","12__129299320__129299615"
"490","12__110421178__110421499"
"491","12__53578675__53580293"
"492","12__125436944__125449552"
"493","12__2061582__2062454"
"494","12__40441853__40442012"
"495","12__121220458__121220570"
"496","12__121220458__121222396"
"497","12__121220458__121248689"
"498","12__50385781__50388292"
"499","12__50385781__50395035"
"500","12__69983265__69987393"
"501","12__8852381__8906689"
"502","12__57493779__57500122"
"503","12__49424958__49435488"
"504","12__53512134__53515185"
"505","12__31568301__31586182"
"506","12__31566370__31600703"
"507","12__20709594__20769318"
"508","12__20766377__20774345"
"509","12__20774230__20783061"
"510","12__20769164__20787990"
"511","12__20766377__20799537"
"512","12__112616735__112657293"
"513","12__112681424__112688938"
"514","12__9241796__9254270"
"515","12__9229942__9259201"
"516","12__9246061__9262930"
"517","12__9259087__9266139"
"518","12__118474143__118476193"
"519","12__133237555__133242036"
"520","12__112888122__112910844"
"521","12__112915455__112915819"
"522","12__112888122__112926979"
"523","12__113705648__113707650"
"524","12__113705648__113728048"
"525","12__122181535__122211419"
"526","12__46230372__46254732"
"527","12__124911168__124922542"
"528","12__124934361__124941708"
"529","12__53856277__53862616"
"530","12__53848510__53865591"
"531","12__112370390__112381173"
"532","12__112371690__112429693"
"533","12__111923075__111923669"
"534","12__110925666__110925748"
"535","13__77791975__77799689"
"536","13__98645146__98670958"
"537","13__33249981__33309467"
"538","13__33306238__33315286"
"539","13__33306238__33316865"
"540","13__37614542__37625720"
"541","13__42335264__42361679"
"542","13__51957465__51963580"
"543","13__43986052__43987124"
"544","13__37539712__37546173"
"545","13__20534098__20641530"
"546","13__20625573__20641530"
"547","13__52534284__52542743"
"548","13__95858786__95860179"
"549","13__100207790__100207901"
"550","13__113170754__113200179"
"551","13__113718618__113719399"
"552","13__52997709__53001354"
"553","13__51501543__51501614"
"554","13__51501543__51517530"
"555","13__47297356__47308133"
"556","13__50123594__50141456"
"557","13__76301165__76391414"
"558","13__79908479__79953042"
"559","13__114149817__114175048"
"560","13__114164553__114175048"
"561","13__114174931__114202767"
"562","13__28771322__28794515"
"563","13__28748409__28830676"
"564","13__28830429__28835595"
"565","13__28840852__28845003"
"566","13__28840852__28862259"
"567","13__98865474__98865667"
"568","13__98865474__99030172"
"569","13__99061592__99076904"
"570","13__99083297__99083534"
"571","13__53227181__53227238"
"572","13__94679983__94680148"
"573","13__114806476__114839312"
"574","13__111274563__111287935"
"575","14__91763649__91810001"
"576","14__91808724__91810001"
"577","14__61262935__61346553"
"578","14__55168780__55169298"
"579","14__69919958__69921614"
"580","14__90450860__90459827"
"581","14__69343799__69376113"
"582","14__73614503__73614802"
"583","14__76638186__76643033"
"584","14__76620697__76662315"
"585","14__31588916__31590711"
"586","14__31581622__31602881"
"587","14__21698478__21699231"
"588","14__50120708__50136316"
"589","14__50130033__50141145"
"590","14__50131344__50141145"
"591","14__50136242__50141145"
"592","14__93428700__93429194"
"593","14__93412676__93460342"
"594","14__95557540__95578584"
"595","14__71434915__71445365"
"596","14__71495417__71514701"
"597","14__71455284__71524441"
"598","14__91947920__91952074"
"599","14__24649006__24649112"
"600","14__39543619__39545297"
"601","14__24735636__24737404"
"602","14__75576388__75577074"
"603","14__75576388__75585638"
"604","14__75557973__75590926"
"605","14__75576388__75590926"
"606","14__75508318__75516421"
"607","14__76349028__76368567"
"608","14__75355798__75356052"
"609","14__76427266__76427419"
"610","14__60582437__60592541"
"611","14__31765115__31777226"
"612","14__31763097__31785155"
"613","14__31778140__31785155"
"614","14__31771501__31790886"
"615","14__31787430__31806820"
"616","14__31771501__31828263"
"617","14__58686412__58690574"
"618","14__51710574__51716483"
"619","14__52156409__52182217"
"620","14__63416851__63483672"
"621","14__63447590__63483672"
"622","14__104490906__104493276"
"623","14__24765715__24766087"
"624","14__89192885__89221015"
"625","14__89319315__89327676"
"626","14__91110392__91124731"
"627","14__67431908__67579888"
"628","14__36017714__36104804"
"629","14__36041766__36104804"
"630","14__36064840__36104804"
"631","14__36017714__36147308"
"632","14__36154135__36211771"
"633","14__39623415__39627606"
"634","14__99924616__99932150"
"635","14__102461010__102476423"
"636","14__102484788__102486393"
"637","14__102452024__102507010"
"638","14__102453790__102507010"
"639","14__102466326__102507010"
"640","14__102473345__102507010"
"641","14__102496156__102507010"
"642","14__102496499__102507010"
"643","14__102466326__102509085"
"644","14__55475034__55480314"
"645","14__35331250__35331528"
"646","14__45494986__45514073"
"647","14__103405947__103406661"
"648","14__99983425__100002425"
"649","14__24034815__24035101"
"650","15__35192823__35226836"
"651","15__68434284__68439038"
"652","15__65759016__65759561"
"653","15__65273202__65275931"
"654","15__50923614__50955243"
"655","15__63930610__63954220"
"656","15__63947941__63954220"
"657","15__63930610__63956793"
"658","15__63970044__64005864"
"659","15__99696353__99785715"
"660","15__50330965__50339661"
"661","15__50330965__50366382"
"662","15__44864881__44892830"
"663","15__44876012__44892830"
"664","15__43067333__43109295"
"665","15__43086842__43132631"
"666","15__43120126__43132631"
"667","15__41361768__41362745"
"668","15__41373218__41379880"
"669","15__40702827__40707681"
"670","15__40705190__40708561"
"671","15__40675429__40684224"
"672","15__43440953__43441349"
"673","15__57523350__57535748"
"674","15__70346777__70347637"
"675","15__69075295__69075392"
"676","15__76523674__76588078"
"677","15__76578712__76588078"
"678","15__78577603__78582054"
"679","15__99250791__99460105"
"680","15__65113366__65113480"
"681","15__65114465__65116553"
"682","15__89633514__89659752"
"683","15__89656956__89659752"
"684","15__90125917__90126196"
"685","15__91420757__91423004"
"686","15__90969342__90983847"
"687","15__82533611__82545116"
"688","15__22848875__22866800"
"689","15__85451949__85467341"
"690","15__73862491__73884478"
"691","15__49528048__49612002"
"692","15__40477366__40477843"
"693","15__59487660__59548577"
"694","15__78452434__78454709"
"695","15__85341819__85343208"
"696","15__42470416__42470768"
"697","15__67457233__67459191"
"698","15__44053622__44055404"
"699","15__78308888__78317839"
"700","15__43857065__43860751"
"701","15__66774093__66777529"
"702","15__75714988__75715164"
"703","15__86076815__86087186"
"704","15__86076815__86259154"
"705","15__93489051__93489446"
"706","15__66795396__66795502"
"707","15__66021410__66031213"
"708","15__66030045__66034122"
"709","15__65623750__65624444"
"710","15__60653140__60674640"
"711","15__91553031__91557663"
"712","15__90763025__90764997"
"713","15__71433788__71507738"
"714","15__91512309__91522524"
"715","16__3843387__3901010"
"716","16__3860604__3901010"
"717","16__3900298__3901010"
"718","16__29847025__29848279"
"719","16__11096931__11118778"
"720","16__11114050__11118778"
"721","16__11114050__11145498"
"722","16__11114050__11154879"
"723","16__11214472__11220003"
"724","16__11145370__11220201"
"725","16__71703178__71706225"
"726","16__71692136__71713438"
"727","16__71710350__71713438"
"728","16__71712658__71715808"
"729","16__71715654__71715808"
"730","16__71748415__71748704"
"731","16__8719353__8722967"
"732","16__56903641__56904648"
"733","16__56906263__56913139"
"734","16__68217143__68225678"
"735","16__30715385__30721449"
"736","16__30718504__30740893"
"737","16__30106110__30106218"
"738","16__4310456__4312702"
"739","16__70162687__70163025"
"740","16__70177413__70180131"
"741","16__70291936__70293089"
"742","16__70298861__70299565"
"743","16__70287822__70302282"
"744","16__4701964__4702825"
"745","16__47531310__47545683"
"746","16__47581344__47581459"
"747","16__48292529__48311390"
"748","16__70778326__70814842"
"749","16__68912021__68914533"
"750","16__74942806__74943815"
"751","16__74957824__74976724"
"752","16__74985356__74990508"
"753","16__148143__150507"
"754","16__162621__162774"
"755","16__5077136__5077380"
"756","16__2106197__2108874"
"757","16__2112498__2132505"
"758","16__16101673__16101849"
"759","16__16101673__16108485"
"760","16__16130329__16150152"
"761","16__16101673__16184445"
"762","16__16205232__16205439"
"763","16__16205232__16230501"
"764","16__87367492__87380856"
"765","16__87376483__87380856"
"766","16__583946__586142"
"767","16__583946__599471"
"768","16__88793965__88815887"
"769","16__23543978__23563625"
"770","16__23498031__23505699"
"771","16__31120368__31121104"
"772","16__19627436__19702793"
"773","16__11868092__11876244"
"774","16__58557274__58594266"
"775","16__58562379__58594266"
"776","16__58572062__58594266"
"777","16__58594116__58616807"
"778","16__58594116__58619410"
"779","16__3724340__3724495"
"780","16__3708038__3739138"
"781","16__47345151__47462809"
"782","16__424005__424151"
"783","16__425133__426812"
"784","16__85667520__85691210"
"785","16__3076064__3076289"
"786","16__1774558__1779579"
"787","16__4861171__4862249"
"788","16__31512007__31512052"
"789","16__14576495__14648008"
"790","16__14720963__14721193"
"791","16__53878067__53922863"
"792","16__21979949__21983443"
"793","16__21983244__21994668"
"794","16__24988536__24990326"
"795","16__72142372__72143409"
"796","16__72845476__72863758"
"797","16__72923630__72994093"
"798","16__57068080__57095613"
"799","16__84089610__84103643"
"800","16__84101944__84103643"
"801","16__87493614__87493737"
"802","16__2607704__2616454"
"803","16__89961446__89973730"
"804","16__88884415__88901760"
"805","16__30078771__30080710"
"806","16__8952207__8953192"
"807","16__11781713__11792181"
"808","16__18840608__18856973"
"809","16__18893487__18896988"
"810","16__70497072__70497677"
"811","16__70500035__70504329"
"812","16__88766028__88767826"
"813","16__56401356__56423287"
"814","16__56419831__56448256"
"815","16__67478431__67478609"
"816","16__4029117__4042364"
"817","16__46931560__46934702"
"818","16__71772845__71773244"
"819","16__68100220__68105011"
"820","16__23403701__23421681"
"821","16__23428288__23428442"
"822","16__69279505__69318147"
"823","16__28115867__28133083"
"824","16__28123138__28137169"
"825","16__28124225__28137169"
"826","16__28145162__28146645"
"827","16__28163980__28167848"
"828","16__88008654__88071617"
"829","16__53288350__53308214"
"830","16__71954642__71955356"
"831","16__8851614__8860127"
"832","16__18553494__18554053"
"833","16__78142320__78466649"
"834","16__89807212__89815175"
"835","16__89805290__89816310"
"836","16__89818546__89825113"
"837","16__89824985__89828430"
"838","16__89824985__89839792"
"839","16__89805886__89849510"
"840","16__28898510__28899043"
"841","16__28898510__28900274"
"842","16__28604573__28604667"
"843","16__28394439__28394802"
"844","16__28399379__28403463"
"845","16__2312279__2313288"
"846","16__2312279__2314332"
"847","16__10641397__10641534"
"848","16__3706103__3707342"
"849","17__46189393__46190763"
"850","17__3769202__3783728"
"851","17__3773095__3783728"
"852","17__48184158__48184517"
"853","17__48152823__48155648"
"854","17__26958838__26960769"
"855","17__26960301__26964188"
"856","17__26950778__26966660"
"857","17__26958838__26969353"
"858","17__61513049__61513513"
"859","17__60766883__60768489"
"860","17__49294695__49302570"
"861","17__41199660__41209152"
"862","17__41219625__41226538"
"863","17__42399787__42400945"
"864","17__36734743__36735044"
"865","17__40635056__40651060"
"866","17__74716442__74716580"
"867","17__3937309__3937586"
"868","17__3955265__3962584"
"869","17__3984670__3989949"
"870","17__76082584__76083174"
"871","17__76388557__76395618"
"872","17__76388557__76396936"
"873","17__35797839__35800763"
"874","17__35800606__35800763"
"875","17__35783609__35802753"
"876","17__35800606__35804870"
"877","17__35802665__35804870"
"878","17__45734226__45736026"
"879","17__45741525__45745776"
"880","17__45734226__45752148"
"881","17__60106902__60112969"
"882","17__5307419__5320002"
"883","17__40280279__40289896"
"884","17__40858025__40860101"
"885","17__48733193__48736729"
"886","17__62579579__62582288"
"887","17__42930885__42932372"
"888","17__42937273__42971893"
"889","17__53485107__53491593"
"890","17__21075331__21087123"
"891","17__72769035__72769178"
"892","17__20910209__20914622"
"893","17__20907515__20924539"
"894","17__20921255__20931987"
"895","17__42228329__42232306"
"896","17__73208087__73209214"
"897","17__73208087__73214401"
"898","17__73221437__73221924"
"899","17__73221437__73222252"
"900","17__37579580__37580991"
"901","17__40939296__40940815"
"902","17__30500850__30503232"
"903","17__20107646__20109225"
"904","17__20107646__20135718"
"905","17__20135513__20150632"
"906","17__20149239__20160920"
"907","17__20149239__20209395"
"908","17__34105892__34106327"
"909","17__40048532__40055038"
"910","17__40054884__40063825"
"911","17__38556461__38569223"
"912","17__35506788__35598969"
"913","17__1747872__1782993"
"914","17__1746097__1795234"
"915","17__7212934__7214970"
"916","17__27185594__27186131"
"917","17__16979024__17053547"
"918","17__16979024__17078726"
"919","17__59853762__59853923"
"920","17__59853762__59871090"
"921","17__59820374__59886118"
"922","17__15960828__15984041"
"923","17__45673719__45677105"
"924","17__28003838__28004759"
"925","17__28003838__28030080"
"926","17__58756814__59161925"
"927","17__4585797__4586247"
"928","17__78115118__78118043"
"929","17__80721841__80730383"
"930","17__80714041__80739597"
"931","17__80721841__80739597"
"932","17__80714041__80758872"
"933","17__80763751__80767658"
"934","17__80847544__80851508"
"935","17__80851423__80858607"
"936","17__80714041__80861354"
"937","17__80721841__80861354"
"938","17__80758740__80861354"
"939","17__80765484__80861354"
"940","17__80858527__80863929"
"941","17__80721841__80878494"
"942","17__80863812__80879453"
"943","17__80842021__80881609"
"944","17__80842021__80884367"
"945","17__80858527__80897352"
"946","17__80417868__80430574"
"947","17__78681641__78882729"
"948","17__80529600__80542064"
"949","17__37863243__37866734"
"950","17__19445706__19449816"
"951","17__19445706__19452990"
"952","17__19445706__19454781"
"953","17__60598134__60600538"
"954","17__60598134__60601692"
"955","17__60601597__60613698"
"956","17__60601597__60642498"
"957","17__60613531__60642498"
"958","17__60629663__60642498"
"959","17__55334459__55339553"
"960","17__65528918__65549733"
"961","17__79234038__79234194"
"962","17__79254409__79258695"
"963","17__47118740__47119739"
"964","17__47117319__47120912"
"965","17__72860018__72860469"
"966","17__43190231__43198739"
"967","17__43192462__43198739"
"968","17__77073512__77073579"
"969","17__77073512__77077155"
"970","17__74039910__74041467"
"971","17__74936484__74936930"
"972","17__79937060__79943483"
"973","17__79941430__79943483"
"974","17__80045201__80046183"
"975","17__80014346__80014426"
"976","17__80011150__80015346"
"977","17__7847441__7849304"
"978","17__7851475__7851645"
"979","17__58700882__58711338"
"980","17__65889486__65890281"
"981","17__65924471__65925603"
"982","17__40375400__40379703"
"983","17__39920965__39923832"
"984","17__78263458__78265626"
"985","17__36476502__36476651"
"986","17__36517594__36523933"
"987","17__1561820__1584348"
"988","17__1582311__1584348"
"989","17__1584020__1584984"
"990","17__80914571__80923622"
"991","17__31039006__31039213"
"992","17__18193871__18206037"
"993","17__18202873__18206037"
"994","17__18202873__18210280"
"995","17__73485347__73489674"
"996","17__73485347__73490889"
"997","17__30267305__30310123"
"998","17__8157484__8157619"
"999","17__8158345__8170553"
"1000","17__8170346__8170983"
"1001","17__8109809__8111158"
"1002","17__7402358__7416242"
"1003","17__79534443__79539114"
"1004","17__79536042__79539114"
"1005","17__79563142__79575848"
"1006","17__79577236__79580520"
"1007","17__76187051__76201599"
"1008","17__75398141__75398785"
"1009","17__43316322__43316432"
"1010","17__79660684__79662253"
"1011","17__79804823__79805223"
"1012","17__4082152__4088341"
"1013","17__4145551__4145743"
"1014","17__43006187__43012303"
"1015","17__1690104__1690898"
"1016","17__76419778__76486929"
"1017","17__29496909__29527613"
"1018","17__29527440__29528177"
"1019","17__1382725__1387597"
"1020","17__65141859__65146101"
"1021","17__36638263__36646416"
"1022","17__36654027__36656870"
"1023","18__9516843__9524753"
"1024","18__55833020__56001124"
"1025","18__55983214__56001124"
"1026","18__48444480__48452268"
"1027","18__54385195__54448887"
"1028","18__54426096__54448887"
"1029","18__13042203__13059311"
"1030","18__51797730__51813781"
"1031","18__19348584__19359646"
"1032","18__20570900__20581692"
"1033","18__74561482__74659608"
"1034","18__46162985__46343747"
"1035","18__55278869__55283207"
"1036","18__46783380__46808545"
"1037","18__43469763__43481132"
"1038","18__43502307__43508975"
"1039","18__43450532__43519721"
"1040","18__6237963__6244587"
"1041","18__21644104__21663045"
"1042","18__21703798__21705514"
"1043","18__21662877__21711884"
"1044","18__13387340__13438383"
"1045","18__756557__756835"
"1046","18__67806835__67817969"
"1047","19__18974247__18975060"
"1048","19__4354946__4355170"
"1049","19__804532__806556"
"1050","19__804829__808452"
"1051","19__44159591__44160792"
"1052","19__45916935__45917292"
"1053","19__45917221__45917292"
"1054","19__5941632__5957984"
"1055","19__50365628__50365720"
"1056","19__50905035__50918247"
"1057","19__50910240__50918247"
"1058","19__19308916__19310043"
"1059","19__1032391__1032695"
"1060","19__1032391__1036561"
"1061","19__3573690__3579081"
"1062","19__3576551__3579081"
"1063","19__3576890__3579081"
"1064","19__2111284__2132577"
"1065","19__2127151__2137090"
"1066","19__3008867__3008943"
"1067","19__36579940__36580208"
"1068","19__36580087__36580208"
"1069","19__36583591__36585066"
"1070","19__36584933__36590519"
"1071","19__36583591__36594883"
"1072","19__10596796__10597494"
"1073","19__10602253__10602938"
"1074","19__58904343__58905962"
"1075","19__41239065__41243674"
"1076","19__54646665__54648068"
"1077","19__41129509__41129987"
"1078","19__47225499__47236493"
"1079","19__7589847__7591812"
"1080","19__12787922__12788025"
"1081","19__18234390__18246651"
"1082","19__17313651__17314067"
"1083","19__17313651__17317185"
"1084","19__8486673__8486900"
"1085","19__1089471__1089961"
"1086","19__1090907__1091906"
"1087","19__49477470__49481414"
"1088","19__45528587__45528995"
"1089","19__45860528__45860957"
"1090","19__12921131__12921218"
"1091","19__12917822__12924020"
"1092","19__34857250__34870467"
"1093","19__34869839__34872424"
"1094","19__34884819__34884971"
"1095","19__40875815__40877780"
"1096","19__47280468__47282165"
"1097","19__47285640__47285806"
"1098","19__3525866__3527060"
"1099","19__17382406__17384994"
"1100","19__42462438__42462535"
"1101","19__5218798__5220165"
"1102","19__42854300__42861133"
"1103","19__48660271__48660397"
"1104","19__49348627__49348873"
"1105","19__12825861__12825983"
"1106","19__13002085__13002336"
"1107","19__17972102__17974124"
"1108","19__17972903__17974124"
"1109","19__18119520__18121538"
"1110","19__18675679__18675831"
"1111","19__18648411__18650530"
"1112","19__18650361__18650530"
"1113","19__18650181__18652805"
"1114","19__35540194__35540420"
"1115","19__35540194__35551073"
"1116","19__44248924__44252204"
"1117","19__12841454__12842235"
"1118","19__14517143__14517369"
"1119","19__14515195__14518041"
"1120","19__34001934__34003682"
"1121","19__6678383__6684661"
"1122","19__6702138__6712417"
"1123","19__6710998__6712634"
"1124","19__6713200__6714457"
"1125","19__6731484__6733312"
"1126","19__46116799__46116929"
"1127","19__46326014__46357765"
"1128","19__3205937__3206423"
"1129","19__36120422__36120575"
"1130","19__34921481__34922836"
"1131","19__5032877__5041262"
"1132","19__5039847__5047680"
"1133","19__5077378__5144913"
"1134","19__10748320__10748991"
"1135","19__11215896__11217363"
"1136","19__11210899__11221447"
"1137","19__11221328__11221447"
"1138","19__11223954__11224125"
"1139","19__11548697__11559106"
"1140","19__5691330__5691678"
"1141","19__17670120__17679522"
"1142","19__17626982__17628659"
"1143","19__10662721__10662797"
"1144","19__10254442__10254663"
"1145","19__33502585__33503630"
"1146","19__14038706__14039001"
"1147","19__3425104__3449137"
"1148","19__49993732__49994121"
"1149","19__3544197__3547545"
"1150","19__3546072__3551192"
"1151","19__3550982__3551192"
"1152","19__50983838__50986608"
"1153","19__16192723__16192856"
"1154","19__16229036__16238901"
"1155","19__36253154__36255837"
"1156","19__3977213__3977345"
"1157","19__3977426__3980977"
"1158","19__3977213__3983289"
"1159","19__3983108__3983289"
"1160","19__4405909__4409756"
"1161","19__4452361__4454090"
"1162","19__12907634__12907980"
"1163","19__12907634__12912084"
"1164","19__58695288__58721439"
"1165","19__13039569__13039661"
"1166","19__13039156__13041563"
"1167","19__8966650__8973616"
"1168","19__8987210__8993545"
"1169","19__8987210__8997185"
"1170","19__9000147__9002673"
"1171","19__9001831__9026315"
"1172","19__9003293__9027281"
"1173","19__9024134__9080555"
"1174","19__45179543__45182208"
"1175","19__45182125__45184584"
"1176","19__11280553__11280924"
"1177","19__9939268__9939550"
"1178","19__7584091__7585911"
"1179","19__11527288__11527733"
"1180","19__45206619__45211459"
"1181","19__34685383__34687668"
"1182","2__74652544__74652882"
"1183","2__242346952__242350545"
"1184","2__242346952__242352836"
"1185","2__242343243__242357524"
"1186","2__37259772__37296073"
"1187","2__37276796__37296073"
"1188","2__39559058__39605264"
"1189","2__178346787__178372759"
"1190","2__211507208__211540564"
"1191","2__3196185__3218019"
"1192","2__136418840__136437894"
"1193","2__20478344__20490551"
"1194","2__20490413__20494279"
"1195","2__20490413__20497439"
"1196","2__42867313__42887002"
"1197","2__42867313__42936353"
"1198","2__240048152__240111773"
"1199","2__240274373__240274613"
"1200","2__47177502__47184146"
"1201","2__45773871__45789895"
"1202","2__54096513__54096675"
"1203","2__131128772__131130056"
"1204","2__122215263__122216551"
"1205","2__122208489__122363756"
"1206","2__122286253__122363756"
"1207","2__15743316__15747437"
"1208","2__135694411__135700244"
"1209","2__61712903__61717911"
"1210","2__61749746__61761038"
"1211","2__96860696__96861287"
"1212","2__21237320__21249836"
"1213","2__21227141__21265348"
"1214","2__21237945__21265348"
"1215","2__21257688__21266423"
"1216","2__26453060__26457223"
"1217","2__27445387__27463229"
"1218","2__224746659__224759056"
"1219","2__55476531__55491001"
"1220","2__206858445__206921667"
"1221","2__97274245__97302922"
"1222","2__74655975__74656069"
"1223","2__113243494__113278002"
"1224","2__98274406__98275940"
"1225","2__114688878__114691963"
"1226","2__157406120__157414094"
"1227","2__159954149__160007067"
"1228","2__159992705__160007067"
"1229","2__160019794__160020057"
"1230","2__160028632__160051004"
"1231","2__54753509__54753703"
"1232","2__55582715__55602019"
"1233","2__190315629__190316621"
"1234","2__58425714__58431361"
"1235","2__58425729__58431361"
"1236","2__216274657__216298184"
"1237","2__61436034__61577828"
"1238","2__61597456__61597714"
"1239","2__85782607__85783383"
"1240","2__106739426__106746234"
"1241","2__106739426__106780166"
"1242","2__242174536__242207956"
"1243","2__32602656__32620661"
"1244","2__32689577__32694682"
"1245","2__32703703__32704685"
"1246","2__32716492__32718734"
"1247","2__32670589__32730272"
"1248","2__32706388__32730272"
"1249","2__32655933__32744013"
"1250","2__32664576__32756618"
"1251","2__32602656__32820211"
"1252","2__32703703__32832710"
"1253","2__32631567__32836649"
"1254","2__10799298__10808849"
"1255","2__171807838__171813069"
"1256","2__135870721__135884226"
"1257","2__38976671__38977336"
"1258","2__148730308__148733544"
"1259","2__175962172__176015886"
"1260","2__200245087__200246543"
"1261","2__9572640__9582105"
"1262","2__27883851__27884255"
"1263","2__223773451__223799405"
"1264","2__172782047__172809519"
"1265","2__172821859__172823470"
"1266","2__240951034__240954277"
"1267","2__239184384__239186596"
"1268","2__219374702__219374863"
"1269","2__219143761__219144076"
"1270","2__100022372__100081447"
"1271","2__97818241__97820478"
"1272","2__26587170__26587808"
"1273","2__26587170__26596497"
"1274","2__26587170__26606215"
"1275","2__27424856__27425748"
"1276","2__44055122__44059222"
"1277","2__44187680__44202356"
"1278","2__44200746__44202356"
"1279","2__25674417__25678363"
"1280","2__201462120__201501767"
"1281","2__216177221__216184454"
"1282","2__215617171__215634036"
"1283","2__215617171__215657169"
"1284","2__170393737__170413807"
"1285","2__9083316__9098771"
"1286","2__38818672__38818790"
"1287","2__95766219__95767468"
"1288","2__73195577__73285725"
"1289","2__136505837__136519481"
"1290","2__159389692__159459616"
"1291","2__198360018__198360100"
"1292","2__214174783__214215369"
"1293","2__227729320__227779067"
"1294","2__241439869__241452359"
"1295","2__241492331__241494472"
"1296","2__36668401__36668643"
"1297","2__36691677__36691798"
"1298","2__36691677__36706837"
"1299","2__36706640__36706837"
"1300","2__36704032__36726490"
"1301","2__36739416__36740908"
"1302","2__36744470__36744685"
"1303","2__36623757__36771641"
"1304","2__9498885__9499018"
"1305","2__15514732__15557836"
"1306","2__15601325__15618413"
"1307","2__15679347__15679480"
"1308","2__15693550__15698758"
"1309","2__32402546__32409407"
"1310","2__112619966__112630985"
"1311","2__112821739__112838695"
"1312","2__230659895__230662547"
"1313","2__230659895__230679910"
"1314","2__230659895__230744844"
"1315","2__230675852__230744844"
"1316","2__236706403__236715975"
"1317","2__101879001__101879153"
"1318","2__220073294__220073771"
"1319","2__61233692__61236150"
"1320","2__183993015__183995273"
"1321","2__208589524__208607066"
"1322","2__141113911__142567970"
"1323","2__141641386__142567970"
"1324","2__48555700__48589846"
"1325","2__231925981__231951895"
"1326","2__231944855__231951895"
"1327","2__232010954__232011070"
"1328","2__228356263__228395926"
"1329","2__228389478__228401420"
"1330","2__228356263__228401709"
"1331","2__228398265__228401709"
"1332","2__133618065__133626547"
"1333","2__242541311__242545888"
"1334","2__238933983__238940895"
"1335","2__27858007__27858101"
"1336","2__203329532__203332412"
"1337","2__101666863__101676001"
"1338","2__29004604__29006844"
"1339","2__201741642__201747158"
"1340","20__50255882__50307358"
"1341","20__50305603__50307358"
"1342","20__50290692__50342471"
"1343","20__32207323__32228337"
"1344","20__31601616__31606628"
"1345","20__31606443__31607556"
"1346","20__31607386__31607556"
"1347","20__31607386__31608393"
"1348","20__35127991__35154409"
"1349","20__57484576__57484859"
"1350","20__3527931__3529985"
"1351","20__3835205__3838456"
"1352","20__21306917__21349228"
"1353","20__17930776__17934761"
"1354","20__17933231__17937681"
"1355","20__4880201__4883204"
"1356","20__16385458__16387101"
"1357","20__44569692__44569846"
"1358","20__33597990__33603942"
"1359","20__33600811__33637797"
"1360","20__25300835__25319987"
"1361","20__45865070__45865260"
"1362","20__45878031__45891172"
"1363","20__42242490__42252685"
"1364","20__57569165__57570188"
"1365","20__61485368__61491660"
"1366","20__61522312__61545758"
"1367","20__61537239__61545758"
"1368","20__61594936__61597932"
"1369","20__30115287__30126064"
"1370","20__30132750__30149539"
"1371","20__18505579__18511447"
"1372","20__33173241__33203943"
"1373","20__33222419__33232030"
"1374","20__35812583__35852372"
"1375","20__35860699__35862498"
"1376","20__35835676__35865112"
"1377","20__47244399__47282893"
"1378","20__46262792__46271128"
"1379","20__57014001__57016139"
"1380","20__40141485__40162209"
"1381","20__47585684__47626941"
"1382","20__47614730__47626941"
"1383","20__47700563__47700699"
"1384","20__60885721__60888306"
"1385","20__60908620__60909398"
"1386","20__60887944__60922084"
"1387","20__34832619__34832848"
"1388","20__33439034__33442726"
"1389","20__33444609__33447845"
"1390","20__19970650__19977486"
"1391","20__55967710__55967833"
"1392","20__31315700__31315949"
"1393","20__60699673__60706562"
"1394","20__30309458__30310151"
"1395","20__46365447__46365686"
"1396","20__31040687__31041564"
"1397","20__48471975__48472118"
"1398","20__44596133__44597001"
"1399","20__2843711__2845300"
"1400","21__43274675__43277438"
"1401","21__27372330__27425664"
"1402","21__27423316__27425664"
"1403","21__33711016__33750850"
"1404","21__33740712__33750850"
"1405","21__33057362__33068534"
"1406","21__38844986__38845182"
"1407","21__38103346__38103452"
"1408","21__43796650__43802343"
"1409","21__44279772__44283706"
"1410","21__45153950__45173600"
"1411","21__45215070__45220762"
"1412","21__45472161__45504144"
"1413","21__47641768__47642652"
"1414","21__47783395__47787054"
"1415","21__47983771__47985800"
"1416","21__33825620__33830028"
"1417","21__33825620__33840156"
"1418","21__40648099__40685027"
"1419","21__11047481__11049621"
"1420","21__46595645__46600359"
"1421","21__46604838__46624651"
"1422","22__50956402__50961149"
"1423","22__47188417__47433094"
"1424","22__19044499__19077003"
"1425","22__19076881__19077003"
"1426","22__46782299__46792643"
"1427","22__46790039__46835308"
"1428","22__45939281__45943084"
"1429","22__51214200__51220779"
"1430","22__18138428__18185152"
"1431","22__18165980__18185152"
"1432","22__18178907__18185152"
"1433","22__30795632__30803592"
"1434","22__22142546__22162135"
"1435","22__22153301__22162135"
"1436","22__38083917__38084999"
"1437","22__38259279__38272018"
"1438","22__38273681__38282852"
"1439","22__32229901__32234831"
"1440","22__42339614__42342009"
"1441","22__39112657__39113005"
"1442","22__42995704__42995799"
"1443","22__50832322__50832564"
"1444","22__50886662__50905877"
"1445","22__50886972__50905877"
"1446","22__50897684__50905877"
"1447","22__50898701__50905877"
"1448","22__50900376__50905877"
"1449","22__50901299__50905877"
"1450","22__43272143__43272339"
"1451","22__36155935__36157515"
"1452","22__30218324__30228331"
"1453","22__30374431__30375041"
"1454","22__30384469__30387659"
"1455","22__36705327__36715680"
"1456","22__36737415__36737571"
"1457","22__36908507__36915584"
"1458","22__36914810__36915584"
"1459","22__41349559__41363888"
"1460","22__46749664__46751485"
"1461","22__41974810__41980062"
"1462","22__42003266__42003335"
"1463","22__50631456__50636615"
"1464","22__31837760__31843554"
"1465","22__39001259__39035729"
"1466","22__50693626__50695622"
"1467","22__36006931__36007153"
"1468","22__38641941__38644025"
"1469","22__38694791__38710174"
"1470","22__40749077__40750331"
"1471","22__21083920__21087386"
"1472","22__18382214__18383763"
"1473","22__24108021__24108462"
"1474","3__50144200__50145737"
"1475","3__50145503__50145737"
"1476","3__52446827__52448603"
"1477","3__45561711__45565600"
"1478","3__47963255__47963368"
"1479","3__122808015__122811289"
"1480","3__48726971__48728915"
"1481","3__127429419__127441409"
"1482","3__171944661__171969331"
"1483","3__171965323__171969331"
"1484","3__171969050__172070873"
"1485","3__171830242__172098883"
"1486","3__196793575__196846401"
"1487","3__196812451__196846401"
"1488","3__196831774__196846401"
"1489","3__197009550__197009716"
"1490","3__128525215__128526514"
"1491","3__182804481__182810333"
"1492","3__119562102__119562200"
"1493","3__119585437__119624699"
"1494","3__149563798__149563927"
"1495","3__149563798__149629870"
"1496","3__149589816__149629870"
"1497","3__168838844__168838997"
"1498","3__37162983__37163182"
"1499","3__37162983__37190529"
"1500","3__38408299__38414227"
"1501","3__38401830__38438650"
"1502","3__120351994__120357428"
"1503","3__120357302__120360540"
"1504","3__120365114__120366758"
"1505","3__137928659__137947852"
"1506","3__48626760__48631129"
"1507","3__111828390__111828460"
"1508","3__113507560__113508687"
"1509","3__47361143__47374807"
"1510","3__47470003__47470160"
"1511","3__47466975__47476627"
"1512","3__47476498__47484581"
"1513","3__52360156__52383436"
"1514","3__184070081__184075054"
"1515","3__52777368__52786352"
"1516","3__15300338__15345738"
"1517","3__17333387__17448018"
"1518","3__14508024__14523349"
"1519","3__47882367__47884745"
"1520","3__47888763__47890839"
"1521","3__12421203__12422990"
"1522","3__127980971__128077216"
"1523","3__10276143__10280723"
"1524","3__58084438__58095426"
"1525","3__58111308__58112489"
"1526","3__58135577__58135729"
"1527","3__58118535__58135954"
"1528","3__58131648__58135954"
"1529","3__4418014__4494733"
"1530","3__10070309__10078023"
"1531","3__31710134__31712475"
"1532","3__39432932__39433111"
"1533","3__37512498__37523098"
"1534","3__12976948__12983365"
"1535","3__66396788__66421026"
"1536","3__66467553__66512933"
"1537","3__111664115__111667922"
"1538","3__188202380__188327632"
"1539","3__51474986__51497243"
"1540","3__51474986__51500892"
"1541","3__186337646__186337729"
"1542","3__4669447__4687412"
"1543","3__4741497__4777038"
"1544","3__4774772__4777038"
"1545","3__65479187__65479306"
"1546","3__33441681__33467233"
"1547","3__12531283__12545283"
"1548","3__184631307__184711851"
"1549","3__126445921__126452065"
"1550","3__43607145__43616356"
"1551","3__183882584__183882994"
"1552","3__195974238__195975194"
"1553","3__52833388__52838025"
"1554","3__52838742__52841932"
"1555","3__53338207__53353500"
"1556","3__31621301__31641951"
"1557","3__33602300__33633988"
"1558","3__33623313__33645701"
"1559","3__33644444__33738425"
"1560","3__155621652__155629068"
"1561","3__155628481__155643155"
"1562","3__155639976__155643155"
"1563","3__155632208__155652835"
"1564","3__57827026__57835543"
"1565","3__44970798__44975476"
"1566","3__124997968__125050082"
"1567","3__183515711__183518356"
"1568","3__183515711__183524880"
"1569","3__183515711__183526958"
"1570","3__53262072__53276258"
"1571","3__53219943__53220356"
"1572","3__52960047__52962357"
"1573","3__52962207__52962357"
"1574","3__52964345__52966324"
"1575","3__196094899__196095026"
"1576","3__196118684__196129890"
"1577","3__196202102__196210762"
"1578","3__49719155__49719238"
"1579","3__49713127__49719400"
"1580","3__49713127__49720169"
"1581","3__49735873__49736255"
"1582","3__49744224__49751607"
"1583","3__49753008__49753910"
"1584","3__49751523__49758962"
"1585","3__51718429__51718650"
"1586","3__52179862__52185116"
"1587","3__41949337__41957544"
"1588","3__158369885__158399946"
"1589","3__33055548__33110462"
"1590","3__129546646__129547351"
"1591","3__40567270__40567355"
"1592","3__47762156__47777616"
"1593","3__47787398__47814426"
"1594","3__169820267__169835264"
"1595","3__169820267__169840532"
"1596","3__169820590__169863309"
"1597","3__169863211__169889238"
"1598","3__167754624__167766153"
"1599","3__136708283__136714398"
"1600","3__157839892__157841780"
"1601","3__154002372__154013086"
"1602","3__142171970__142232480"
"1603","3__142284963__142285103"
"1604","3__183558358__183562114"
"1605","3__127806549__127806651"
"1606","3__119165865__119171377"
"1607","3__15045383__15057761"
"1608","3__15057659__15070226"
"1609","3__15055096__15071959"
"1610","3__15045383__15079644"
"1611","3__176750759__176816329"
"1612","3__176765274__176816329"
"1613","3__176768266__176816329"
"1614","3__176816254__176816329"
"1615","3__110830877__110845182"
"1616","3__49059779__49060201"
"1617","3__47098311__47129737"
"1618","3__47098311__47168153"
"1619","3__114412375__114432862"
"1620","3__128971719__128973920"
"1621","3__128973511__128991747"
"1622","3__113667641__113673257"
"1623","3__197592294__197593090"
"1624","3__11399892__11404402"
"1625","4__1732614__1737561"
"1626","4__1806551__1808054"
"1627","4__48686690__48712715"
"1628","4__39739040__39776553"
"1629","4__187524057__187630999"
"1630","4__140624609__140625350"
"1631","4__52729603__52758017"
"1632","4__103635595__103647840"
"1633","4__139981478__139993193"
"1634","4__25156620__25157817"
"1635","4__9836505__9998565"
"1636","4__178274462__178281831"
"1637","4__1902353__1932497"
"1638","4__152095822__152108615"
"1639","4__160266258__160274062"
"1640","4__186168448__186168532"
"1641","4__88957372__88977419"
"1642","4__89018605__89042944"
"1643","4__39902046__39904080"
"1644","4__38987956__38995618"
"1645","4__8217838__8218894"
"1646","4__2659530__2674099"
"1647","4__2664565__2674099"
"1648","4__57266950__57269567"
"1649","4__169812073__169825057"
"1650","4__73950966__73958017"
"1651","4__83787961__83788469"
"1652","4__77917578__77941823"
"1653","4__79166387__79291138"
"1654","4__79284667__79291138"
"1655","4__108603171__108615162"
"1656","4__110412483__110416012"
"1657","4__103226146__103236987"
"1658","4__54265897__54294350"
"1659","4__54308820__54310270"
"1660","4__107114766__107133992"
"1661","4__107092252__107157965"
"1662","4__120177596__120177678"
"1663","4__120166492__120194863"
"1664","4__152021637__152022314"
"1665","4__129913322__129925031"
"1666","4__17503342__17510986"
"1667","4__170076631__170077830"
"1668","4__44724101__44724259"
"1669","4__85638049__85724620"
"1670","4__74280752__74285356"
"1671","4__41015600__41016415"
"1672","4__75040223__75091111"
"1673","4__99956551__99960616"
"1674","4__128564676__128609022"
"1675","4__128732592__128744049"
"1676","4__47877144__47888016"
"1677","4__517248__527770"
"1678","4__56885519__56890780"
"1679","4__17963526__17974508"
"1680","4__3144493__3201666"
"1681","4__151719233__151753128"
"1682","4__151727423__151770727"
"1683","4__151749332__151789457"
"1684","4__151771876__151792605"
"1685","4__151388825__151814301"
"1686","5__138614016__138661973"
"1687","5__59934577__59943360"
"1688","5__14316622__14336836"
"1689","5__14405957__14420130"
"1690","5__14316622__14463034"
"1691","5__138117612__138119061"
"1692","5__64747302__64748043"
"1693","5__64747302__64769779"
"1694","5__1320731__1320846"
"1695","5__179688684__179707608"
"1696","5__156786013__156788606"
"1697","5__149912507__149915447"
"1698","5__896780__901546"
"1699","5__896780__907308"
"1700","5__896780__914692"
"1701","5__154291287__154292598"
"1702","5__154291287__154307110"
"1703","5__154296558__154307110"
"1704","5__154292459__154308219"
"1705","5__68651476__68651780"
"1706","5__145641073__145643194"
"1707","5__56167737__56171137"
"1708","5__56152427__56183347"
"1709","5__633884__644540"
"1710","5__6748577__6750616"
"1711","5__43609245__43700339"
"1712","5__137893558__137909815"
"1713","5__179956275__179980471"
"1714","5__80366311__80404897"
"1715","5__31448654__31451747"
"1716","5__33455692__33461169"
"1717","5__37298970__37318187"
"1718","5__64942882__64948372"
"1719","5__134033589__134033747"
"1720","5__134028292__134044578"
"1721","5__167915607__167921007"
"1722","5__145834619__145838900"
"1723","5__135483521__135499080"
"1724","5__172336670__172341841"
"1725","5__137713409__137717279"
"1726","5__179132680__179136060"
"1727","5__179132680__179150020"
"1728","5__140961879__140963182"
"1729","5__138979957__138994551"
"1730","5__145522975__145532790"
"1731","5__68470704__68470940"
"1732","5__68553870__68558131"
"1733","5__112128143__112151290"
"1734","5__10400896__10417516"
"1735","5__16683989__16764505"
"1736","5__77805607__77806221"
"1737","5__142434004__142437312"
"1738","5__151166133__151176989"
"1739","5__108103794__108103939"
"1740","5__50058982__50093067"
"1741","5__65449291__65455162"
"1742","5__154173660__154179602"
"1743","5__72347176__72364606"
"1744","5__72370569__72370680"
"1745","5__179249958__179260782"
"1746","5__179225928__179227259"
"1747","5__36953720__36955739"
"1748","5__36953720__36986403"
"1749","5__76758920__76760634"
"1750","5__95084037__95124562"
"1751","5__78908834__78919312"
"1752","5__172507588__172513629"
"1753","5__174919098__174939199"
"1754","5__174939114__174943666"
"1755","5__125903951__125906551"
"1756","5__176694563__176710929"
"1757","5__179044990__179048398"
"1758","5__176758563__176765606"
"1759","5__118280254__118280344"
"1760","5__118482944__118511032"
"1761","5__54965056__54965707"
"1762","5__176938578__176938928"
"1763","5__176938578__176940083"
"1764","5__176938578__176941838"
"1765","5__176938578__176943194"
"1766","5__93720073__93732214"
"1767","5__825279__848775"
"1768","5__179296769__179315312"
"1769","5__37153842__37196098"
"1770","5__37238959__37245700"
"1771","5__37238959__37245947"
"1772","5__74109665__74137504"
"1773","5__180664609__180665239"
"1774","5__180665099__180666582"
"1775","5__180666487__180668639"
"1776","5__180664609__180669345"
"1777","5__150406993__150408554"
"1778","5__131006156__131013565"
"1779","6__111680025__111701422"
"1780","6__13639795__13644961"
"1781","6__13639795__13657508"
"1782","6__53138018__53141054"
"1783","6__42541472__42574389"
"1784","6__42559889__42619809"
"1785","6__42612211__42620383"
"1786","6__108222574__108224202"
"1787","6__157150361__157256710"
"1788","6__35248833__35255622"
"1789","6__34789430__34789732"
"1790","6__34823394__34824186"
"1791","6__84108086__84108235"
"1792","6__25420342__25435832"
"1793","6__131276245__131277639"
"1794","6__80878592__81053529"
"1795","6__105280917__105291173"
"1796","6__105280917__105297121"
"1797","6__105280917__105300246"
"1798","6__161455291__161471011"
"1799","6__36177993__36190042"
"1800","6__33630305__33654881"
"1801","6__33654786__33654881"
"1802","6__33639806__33658886"
"1803","6__33631277__33659705"
"1804","6__52138028__52141996"
"1805","6__90402162__90409446"
"1806","6__90461150__90500120"
"1807","6__99353302__99375698"
"1808","6__101090457__101215221"
"1809","6__131912453__131924344"
"1810","6__24475349__24480187"
"1811","6__111540017__111540245"
"1812","6__142688706__142703156"
"1813","6__142703088__142741241"
"1814","6__42796231__42797910"
"1815","6__43194065__43194133"
"1816","6__553854__564929"
"1817","6__76344423__76373234"
"1818","6__76368978__76380436"
"1819","6__150063526__150064851"
"1820","6__160205698__160206528"
"1821","6__99887645__99913012"
"1822","6__99912480__99916494"
"1823","6__43527915__43528040"
"1824","6__43527915__43538421"
"1825","6__42941741__42942776"
"1826","6__44271023__44274768"
"1827","6__7176888__7177006"
"1828","6__7182103__7189555"
"1829","6__16658007__16753578"
"1830","6__17637384__17648136"
"1831","6__168276015__168307969"
"1832","6__136693639__136704919"
"1833","6__135748305__135763852"
"1834","6__41558959__41564980"
"1835","6__43479565__43480301"
"1836","6__44117596__44121925"
"1837","6__47251674__47252168"
"1838","6__79695069__79770535"
"1839","6__97629780__97715878"
"1840","6__121427169__121625979"
"1841","6__146209156__146240627"
"1842","6__158994452__159010814"
"1843","6__159004986__159010814"
"1844","6__159026299__159028375"
"1845","6__159001972__159029782"
"1846","6__159028276__159046786"
"1847","6__144898235__144898424"
"1848","6__144759881__145103259"
"1849","6__145079065__145142154"
"1850","6__128404860__128718833"
"1851","6__154743640__154754641"
"1852","6__154762426__154763424"
"1853","6__74228077__74229239"
"1854","6__147527107__147560406"
"1855","6__147581751__147599340"
"1856","6__147637365__147637543"
"1857","6__136472298__136476896"
"1858","6__43591670__43591805"
"1859","6__170033043__170038756"
"1860","6__28215845__28217612"
"1861","6__136901439__137019820"
"1862","6__136977445__137019820"
"1863","6__155099135__155116273"
"1864","7__91974292__92021606"
"1865","7__1937836__1938026"
"1866","7__2252847__2259091"
"1867","7__104678573__104681470"
"1868","7__104703798__104707254"
"1869","7__97935751__97949441"
"1870","7__97935751__97949610"
"1871","7__73922405__73973985"
"1872","7__73922405__74009378"
"1873","7__105733395__105739728"
"1874","7__156956504__156979715"
"1875","7__72912827__72922801"
"1876","7__5680785__5681007"
"1877","7__151847985__151891653"
"1878","7__151891094__151904513"
"1879","7__151917608__151949175"
"1880","7__152007051__152007160"
"1881","7__151852995__152012423"
"1882","7__90355881__90356126"
"1883","7__139415731__139416814"
"1884","7__40027198__40039099"
"1885","7__40117604__40118450"
"1886","7__17861132__17915413"
"1887","7__17913151__17937069"
"1888","7__87145825__87145981"
"1889","7__92247386__92300849"
"1890","7__20406635__20420454"
"1891","7__138768526__138774505"
"1892","7__44684926__44706450"
"1893","7__44714010__44714867"
"1894","7__2566470__2566555"
"1895","7__51152863__51261286"
"1896","7__30100500__30102358"
"1897","7__30661009__30665935"
"1898","7__30661009__30668285"
"1899","7__142988633__142989791"
"1900","7__142989393__142989791"
"1901","7__99621042__99621930"
"1902","7__2404007__2409317"
"1903","7__6178723__6185879"
"1904","7__100771674__100775350"
"1905","7__100771810__100775350"
"1906","7__100867218__100867471"
"1907","7__129297183__129330386"
"1908","7__35707044__35709938"
"1909","7__23015829__23030758"
"1910","7__75177053__75203206"
"1911","7__75189036__75203206"
"1912","7__75197503__75203206"
"1913","7__75210553__75211467"
"1914","7__150814182__150815719"
"1915","7__150817074__150817232"
"1916","7__152480272__152498816"
"1917","7__75068422__75104454"
"1918","7__47451325__47467974"
"1919","7__47451325__47481653"
"1920","7__23224689__23224917"
"1921","7__6624647__6624891"
"1922","7__44605403__44611335"
"1923","7__44089824__44092540"
"1924","7__76247500__76247617"
"1925","7__100277130__100283104"
"1926","7__129813472__129821559"
"1927","7__5545043__5545261"
"1928","7__135262544__135302430"
"1929","7__135289088__135315218"
"1930","7__148708938__148716289"
"1931","7__140500162__140508795"
"1932","7__44621048__44621422"
"1933","7__99045744__99048418"
"1934","7__6461358__6464466"
"1935","7__6464383__6465745"
"1936","7__6465619__6476164"
"1937","7__23547039__23552701"
"1938","7__6736970__6737442"
"1939","7__5327437__5327616"
"1940","7__5327437__5334565"
"1941","7__794226__794458"
"1942","7__794226__803611"
"1943","7__780984__814799"
"1944","7__1510482__1512022"
"1945","7__1526261__1529318"
"1946","7__1527396__1532742"
"1947","7__150764961__150768384"
"1948","7__4780469__4780654"
"1949","7__99690915__99691964"
"1950","7__102181540__102208631"
"1951","7__102180462__102210371"
"1952","7__65751498__65817542"
"1953","7__65444386__65444528"
"1954","7__74524752__74528329"
"1955","7__155503897__155532720"
"1956","7__618893__624205"
"1957","7__645830__751164"
"1958","7__76063355__76069928"
"1959","7__76069567__76069928"
"1960","7__103301823__103368654"
"1961","7__75616678__75616746"
"1962","7__72361166__72400649"
"1963","7__98513346__98545963"
"1964","7__98533202__98551056"
"1965","7__100410369__100411643"
"1966","7__100417179__100417918"
"1967","7__127326667__127342580"
"1968","7__127344893__127361454"
"1969","7__74812091__74814642"
"1970","7__97857326__97874005"
"1971","7__99773830__99773988"
"1972","7__101713619__101848450"
"1973","8__17400827__17401224"
"1974","8__56982262__56986718"
"1975","8__28588740__28595180"
"1976","8__101721361__101721451"
"1977","8__101716525__101725409"
"1978","8__101727690__101730508"
"1979","8__145622422__145625887"
"1980","8__42259306__42260979"
"1981","8__41905896__41907225"
"1982","8__26439485__26441499"
"1983","8__67986478__68018210"
"1984","8__91029352__91063967"
"1985","8__98827556__98827629"
"1986","8__103312228__103324473"
"1987","8__103298588__103354912"
"1988","8__103297741__103359320"
"1989","8__11157532__11177347"
"1990","8__11174182__11177347"
"1991","8__30560610__30560757"
"1992","8__142160933__142178624"
"1993","8__142175285__142178624"
"1994","8__142160933__142200516"
"1995","8__22332467__22370945"
"1996","8__42720559__42720632"
"1997","8__42716888__42725255"
"1998","8__141582911__141595410"
"1999","8__133806656__133806827"
"2000","8__17532695__17573410"
"2001","8__17570723__17573410"
"2002","8__17512070__17613470"
"2003","8__17601113__17613470"
"2004","8__37967897__37968351"
"2005","8__21826994__21837714"
"2006","8__21853003__21853110"
"2007","8__21826994__21856816"
"2008","8__21856266__21857185"
"2009","8__132956992__132958880"
"2010","8__100479642__100479862"
"2011","8__29927158__29931571"
"2012","8__124031435__124035019"
"2013","8__124034924__124037290"
"2014","8__124033687__124042956"
"2015","8__124035953__124042956"
"2016","8__71039048__71057083"
"2017","8__71036119__71075089"
"2018","8__71050438__71075089"
"2019","8__19276167__19278029"
"2020","8__25156460__25159970"
"2021","8__37623044__37632999"
"2022","8__146054428__146054989"
"2023","8__131164982__131181313"
"2024","8__131124340__131414216"
"2025","8__131226802__131414216"
"2026","8__131370263__131414216"
"2027","8__124335178__124346562"
"2028","8__21937923__21938704"
"2029","8__21959219__21959362"
"2030","8__145658971__145665593"
"2031","8__145737775__145738154"
"2032","8__113347558__113599464"
"2033","8__113841915__113960106"
"2034","8__48308936__48320523"
"2035","8__90921795__90933399"
"2036","8__101936183__101937267"
"2037","8__95518728__95524317"
"2038","8__95543191__95550574"
"2039","8__95549331__95550574"
"2040","8__95531213__95556170"
"2041","8__94798451__94803547"
"2042","8__125332327__125335616"
"2043","8__38873637__38884329"
"2044","8__141678368__141684503"
"2045","8__141710990__141716304"
"2046","8__141712669__141716304"
"2047","8__141828376__141900868"
"2048","8__141889570__141994254"
"2049","8__38793512__38814904"
"2050","8__143381847__143399995"
"2051","8__61653818__61655656"
"2052","8__61653818__61713084"
"2053","8__61653818__61749571"
"2054","8__145001578__145009097"
"2055","8__145008166__145009097"
"2056","8__145000952__145011239"
"2057","8__145540850__145541680"
"2058","8__54882952__54900819"
"2059","8__54912505__54923052"
"2060","8__17092225__17094882"
"2061","8__66657642__66695078"
"2062","8__48685669__48711951"
"2063","8__48748899__48749980"
"2064","8__48839754__48840450"
"2065","8__48848913__48866279"
"2066","9__102782898__102784508"
"2067","9__96233423__96233669"
"2068","9__96233423__96278551"
"2069","9__96233423__96291862"
"2070","9__96233423__96320292"
"2071","9__125616231__125627936"
"2072","9__108128627__108137016"
"2073","9__3248032__3346764"
"2074","9__99271955__99327765"
"2075","9__99314078__99327765"
"2076","9__33311104__33328676"
"2077","9__131742885__131764255"
"2078","9__131742885__131765254"
"2079","9__117185594__117188693"
"2080","9__133729451__133730483"
"2081","9__133729451__133738422"
"2082","9__91041297__91063904"
"2083","9__111812563__111853435"
"2084","9__111853202__111853435"
"2085","9__123731339__123779789"
"2086","9__123731339__123783972"
"2087","9__116835205__116835306"
"2088","9__133498095__133507665"
"2089","9__133507329__133511513"
"2090","9__71357417__71357573"
"2091","9__71549806__71555706"
"2092","9__134457992__134505711"
"2093","9__115013209__115015068"
"2094","9__115024715__115030475"
"2095","9__115024715__115060196"
"2096","9__110062422__110074018"
"2097","9__110068660__110074018"
"2098","9__127064215__127101944"
"2099","9__127915812__127923185"
"2100","9__102594971__102609897"
"2101","9__126371715__126531842"
"2102","9__126392655__126554909"
"2103","9__126212972__126641300"
"2104","9__126371715__126641300"
"2105","9__126531793__126641300"
"2106","9__134049442__134053797"
"2107","9__138715796__138774924"
"2108","9__138741983__138774924"
"2109","9__138774662__138774924"
"2110","9__137591755__137593179"
"2111","9__133329692__133333976"
"2112","9__133570879__133578568"
"2113","9__134353131__134357949"
"2114","9__134314376__134367647"
"2115","9__99126746__99130587"
"2116","9__88307604__88327481"
"2117","9__80923330__80932720"
"2118","9__116018394__116021142"
"2119","9__103082547__103084053"
"2120","9__127965287__127970000"
"2121","9__33923377__33923476"
"2122","9__33926987__33944637"
"2123","9__33948372__33956144"
"2124","9__33953283__33996331"
"2125","9__33971649__33996331"
"2126","9__36369716__36390613"
"2127","9__35703772__35706363"
"2128","9__35717616__35717783"
"2129","9__37424842__37426651"
"2130","9__6460573__6493932"
"2131","9__37126309__37305711"
"2132","9__37302185__37305711"
"2133","9__37126309__37327831"
"2134","9__97191471__97200810"
"2135","9__97177440__97203381"
"2136","9__97207246__97220746"
"2137","9__97535284__97686457"
"2138","9__125033143__125033354"
"2139","9__125033143__125054119"
"2140","9__127298157__127298411"
"2141","9__127300371__127302466"
"2142","9__136277419__136278041"
"2143","9__130947826__130950213"
"2144","9__130257599__130258374"
"2145","9__140459537__140459606"
"2146","9__97873745__97879672"
"2147","9__139837801__139837958"
"2148","9__136671203__136677338"
"2149","9__136726496__136726554"
"2150","9__131479026__131480904"
"2151","9__14746921__14806844"
"2152","9__14784368__14823325"
"2153","9__34338711__34339164"
"2154","9__115336337__115337531"
"2155","9__125895124__125910149"
"2156","9__128099297__128104578"
"2157","9__33465205__33466985"
"2158","9__131079431__131084009"
"2159","9__162432__172172"
"2160","9__127757213__127765849"
"2161","9__140069689__140074836"
"2162","9__140070160__140080808"
"2163","9__140006564__140007739"
"2164","9__140622801__140638542"
"2165","9__140611078__140646860"
"2166","9__140669561__140693366"
"2167","9__140685300__140693366"
"2168","9__140693265__140695436"
"2169","9__118997418__118997916"
"2170","9__119093523__119097353"
"2171","9__34269255__34271928"
"2172","9__20720379__20823114"
"2173","9__20820940__20823114"
"2174","9__20819795__20885229"
"2175","9__20907149__20916936"
"2176","9__20907149__20929595"
"2177","9__20944626__20953064"
"2178","9__140108419__140109470"
"2179","9__140100684__140110469"
"2180","9__140160329__140166674"
"2181","9__95027211__95027835"
"2182","9__90254565__90260929"
"2183","9__84249012__84249216"
"2184","9__84198598__84268951"
"2185","9__84228292__84268951"
"2186","9__84267129__84268951"
"2187","9__131362359__131367756"
"2188","9__131336954__131374124"
"2189","9__130210156__130210702"
"2190","9__35384243__35384311"
"2191","9__35546427__35548532"
"2192","9__139686163__139686482"
"2193","X__64743440__64751318"
"2194","X__48320619__48321365"
"2195","X__48319035__48324480"
"2196","X__48318118__48325464"
"2197","X__18942174__18942643"
"2198","X__48780414__48780572"
"2199","X__108902583__108939425"
"2200","X__153662554__153664862"
"2201","X__53410018__53441819"
"2202","X__131516206__131526362"
"2203","X__107083900__107097934"
"2204","X__53587149__53587377"
"2205","X__53565298__53604027"
"2206","X__69368611__69370172"
"2207","X__69561649__69573657"
"2208","X__69510288__69624672"
"2209","X__48666440__48666733"
"2210","X__48666665__48666733"
"2211","X__24839569__24861794"
"2212","X__24839569__24948666"
"2213","X__49030682__49030772"
"2214","X__149963679__149984551"
"2215","X__47442807__47444414"
"2216","X__23739998__23740870"
"2217","X__23739998__23754133"
"2218","X__41055504__41084390"
"2219","X__24078205__24080691"
"2220","X__153996577__153999154"
"2221","X__19367430__19368228"
"2222","X__19713730__19725102"
"2223","X__44919267__44920664"
"2224","X__133087077__133087238"
"2225","X__30870895__30889918"
"2226","X__153760403__153760677"
"2227","X__153761157__153762711"
"2228","X__77243738__77275895"
"2229","X__77270159__77275895"
"2230","X__17024344__17024467"
"2231","X__17043185__17065605"
"2232","X__17086525__17121902"
"2233","X__153277980__153278129"
"2234","X__70361733__70361814"
"2235","X__154743647__154743926"
"2236","X__107840228__107911734"
"2237","X__153580549__153582851"
"2238","X__153581140__153585991"
"2239","X__153581140__153590516"
"2240","X__153581140__153593087"
"2241","X__153585619__153595912"
"2242","X__153582984__153596458"
"2243","X__72797243__72804408"
"2244","Y__2821950__2829687"
