"sample","index","chr","start","end","count","cell"
"ERR196173","11__62601264__62609281","11",62601264,62609281,5,"HELA"
"ERR196180","2__86359441__86360379","2",86359441,86360379,2,"HELA"
"ERR196180","1__154231453__154243329","1",154231453,154243329,2,"HELA"
"ERR196183","5__10381912__10387178","5",10381912,10387178,2,"HELA"
"ERR514997","16__2155323__2156305","16",2155323,2156305,2,"HELA"
"ERR514997","19__2189731__2220221","19",2189731,2220221,2,"HELA"
"ERR514997","9__35657752__35658017","9",35657752,35658017,6,"HELA"
"ERR514997","X__41029723__41077850","X",41029723,41077850,2,"HELA"
"ERR514997","15__44046022__44048964","15",44046022,44048964,2,"HELA"
"ERR514997","21__45165960__45168961","21",45165960,45168961,2,"HELA"
"ERR514997","1__46661483__46662521","1",46661483,46662521,2,"HELA"
"ERR514997","3__49734576__49735372","3",49734576,49735372,2,"HELA"
"ERR514997","7__56049903__56051561","7",56049903,56051561,3,"HELA"
"ERR514997","17__76814749__76823429","17",76814749,76823429,2,"HELA"
"ERR514997","17__80861281__80869665","17",80861281,80869665,2,"HELA"
"ERR514997","X__130883334__130928494","X",130883334,130928494,2,"HELA"
"ERR514997","9__131742885__131764008","9",131742885,131764008,2,"HELA"
"ERR514997","8__145535191__145535287","8",145535191,145535287,3,"HELA"
"ERR514997","X__149983335__149984551","X",149983335,149984551,2,"HELA"
"ERR514997","3__190321917__190326970","3",190321917,190326970,2,"HELA"
"ERR514997","1__247318868__247323115","1",247318868,247323115,4,"HELA"
"ERR514998","11__12785726__12903504","11",12785726,12903504,2,"HELA"
"ERR514998","9__35657752__35658017","9",35657752,35658017,3,"HELA"
"ERR514998","22__42910112__42970824","22",42910112,42970824,2,"HELA"
"ERR514998","3__49396579__49400059","3",49396579,49400059,2,"HELA"
"ERR514998","12__49525081__49580616","12",49525081,49580616,4,"HELA"
"ERR514998","17__76814749__76823429","17",76814749,76823429,2,"HELA"
"ERR514998","5__77385217__77409747","5",77385217,77409747,2,"HELA"
"ERR514998","9__131742885__131764008","9",131742885,131764008,2,"HELA"
"ERR514998","3__190321917__190326970","3",190321917,190326970,2,"HELA"
"SRR048951","5__179132680__179136060","5",179132680,179136060,3,"HEK293"
"SRR048963","12__1003728__1003801","12",1003728,1003801,3,"HEK293"
"SRR048963","10__7838084__7844817","10",7838084,7844817,3,"HEK293"
"SRR048963","12__22643057__22659753","12",22643057,22659753,2,"HEK293"
"SRR048963","12__46321392__46321685","12",46321392,46321685,2,"HEK293"
"SRR048963","10__70227880__70229920","10",70227880,70229920,2,"HEK293"
"SRR048964","17__65941525__65972074","17",65941525,65972074,2,"HEK293"
"SRR189779","1__1586823__1650894","1",1586823,1650894,2,"HEK293"
"SRR189779","4__3088666__3124663","4",3088666,3124663,2,"HEK293"
"SRR189779","16__3708038__3721792","16",3708038,3721792,3,"HEK293"
"SRR189779","8__21842157__21864096","8",21842157,21864096,3,"HEK293"
"SRR189779","10__28879649__28884970","10",28879649,28884970,2,"HEK293"
"SRR189779","19__46341719__46341873","19",46341719,46341873,2,"HEK293"
"SRR189779","19__47225499__47242145","19",47225499,47242145,2,"HEK293"
"SRR189779","17__56439905__56440961","17",56439905,56440961,5,"HEK293"
"SRR189779","17__57274905__57279104","17",57274905,57279104,2,"HEK293"
"SRR189779","11__61079256__61093180","11",61079256,61093180,2,"HEK293"
"SRR189779","17__73759401__73759520","17",73759401,73759520,2,"HEK293"
"SRR189779","X__123094475__123195724","X",123094475,123195724,3,"HEK293"
"SRR189779","2__238252198__238259835","2",238252198,238259835,3,"HEK293"
"SRR189780","1__12627939__12677820","1",12627939,12677820,2,"HEK293"
"SRR189780","10__21940602__21940697","10",21940602,21940697,2,"HEK293"
"SRR189780","10__28879649__28884970","10",28879649,28884970,2,"HEK293"
"SRR189780","18__33033290__33060527","18",33033290,33060527,2,"HEK293"
"SRR189780","17__40733057__40737280","17",40733057,40737280,2,"HEK293"
"SRR189780","17__56439905__56440961","17",56439905,56440961,2,"HEK293"
"SRR189780","17__57274905__57279104","17",57274905,57279104,2,"HEK293"
"SRR189780","6__71508360__71562367","6",71508360,71562367,2,"HEK293"
"SRR189780","X__123094475__123195724","X",123094475,123195724,8,"HEK293"
"SRR189781","12__1003728__1003801","12",1003728,1003801,2,"HEK293"
"SRR189781","10__21940602__21940697","10",21940602,21940697,3,"HEK293"
"SRR189781","17__61896793__61901312","17",61896793,61901312,2,"HEK293"
"SRR189781","15__102241289__102255166","15",102241289,102255166,2,"HEK293"
"SRR189781","3__104483223__104548557","3",104483223,104548557,2,"HEK293"
"SRR189781","X__123094475__123195724","X",123094475,123195724,10,"HEK293"
"SRR189781","5__126112845__126161799","5",126112845,126161799,2,"HEK293"
"SRR189781","2__153527787__153537850","2",153527787,153537850,2,"HEK293"
"SRR189781","2__238252198__238259835","2",238252198,238259835,2,"HEK293"
"SRR189781","1__245021313__245022676","1",245021313,245022676,2,"HEK293"
"SRR189784","1__144598512__144607061","1",144598512,144607061,2,"HEK293"
"SRR390467","Un_gl000220__100405__123082","Un_gl000220",100405,123082,2,"HELA"
"SRR390467","6__18256592__18258636","6",18256592,18258636,2,"HELA"
"SRR390467","3__31617888__31641951","3",31617888,31641951,3,"HELA"
"SRR390467","5__70423728__70498254","5",70423728,70498254,2,"HELA"
"SRR390467","7__101747616__101901513","7",101747616,101901513,2,"HELA"
"SRR390467","5__122881111__122893258","5",122881111,122893258,3,"HELA"
"SRR390467","1__145327493__145367822","1",145327493,145367822,3,"HELA"
"SRR390467","2__152314275__152322634","2",152314275,152322634,2,"HELA"
"SRR488725","1__1586823__1650894","1",1586823,1650894,2,"HEK293"
"SRR488725","20__34047803__34054029","20",34047803,34054029,2,"HEK293"
"SRR488726","2__61430275__61542109","2",61430275,61542109,2,"HEK293"
"SRR488727","17__1556836__1565447","17",1556836,1565447,2,"HEK293"
"SRR488727","1__1586823__1650894","1",1586823,1650894,2,"HEK293"
"SRR488727","19__14557238__14580626","19",14557238,14580626,3,"HEK293"
"SRR488727","6__16326625__16328701","6",16326625,16328701,2,"HEK293"
"SRR488727","6__18256592__18258636","6",18256592,18258636,2,"HEK293"
"SRR488727","6__26158780__26184405","6",26158780,26184405,4,"HEK293"
"SRR488727","17__35506788__35545420","17",35506788,35545420,2,"HEK293"
"SRR488727","2__37463239__37473338","2",37463239,37473338,2,"HEK293"
"SRR488727","19__39955438__39957385","19",39955438,39957385,2,"HEK293"
"SRR488727","17__42957922__42960526","17",42957922,42960526,2,"HEK293"
"SRR488727","X__47071823__47071911","X",47071823,47071911,3,"HEK293"
"SRR488727","3__49063757__49064319","3",49063757,49064319,2,"HEK293"
"SRR488727","13__49771013__49772710","13",49771013,49772710,2,"HEK293"
"SRR488727","19__59063422__59063805","19",59063422,59063805,2,"HEK293"
"SRR488727","2__73828322__73899622","2",73828322,73899622,2,"HEK293"
"SRR488727","16__75661622__75675621","16",75661622,75675621,2,"HEK293"
"SRR488727","15__76566753__76588078","15",76566753,76588078,2,"HEK293"
"SRR488727","5__76758920__76760634","5",76758920,76760634,2,"HEK293"
"SRR488727","1__89237104__89270604","1",89237104,89270604,2,"HEK293"
"SRR488727","14__91161844__91161922","14",91161844,91161922,2,"HEK293"
"SRR488727","13__115002120__115024873","13",115002120,115024873,2,"HEK293"
"SRR488727","12__117603290__117604882","12",117603290,117604882,2,"HEK293"
"SRR488727","9__123215734__123220900","9",123215734,123220900,2,"HEK293"
"SRR488727","3__128516786__128525292","3",128516786,128525292,2,"HEK293"
"SRR488727","5__151122383__151126010","5",151122383,151126010,2,"HEK293"
"SRR488727","5__179132680__179136060","5",179132680,179136060,2,"HEK293"
"SRR488727","3__183900545__183901879","3",183900545,183901879,2,"HEK293"
"SRR488727","2__215632206__215646233","2",215632206,215646233,2,"HEK293"
"SRR488727","1__235416045__235420540","1",235416045,235420540,2,"HEK293"
"SRR488728","16__2155323__2156305","16",2155323,2156305,2,"HEK293"
"SRR488728","12__49423184__49449107","12",49423184,49449107,2,"HEK293"
"SRR488728","12__49525081__49580616","12",49525081,49580616,2,"HEK293"
"SRR488728","3__128516786__128525292","3",128516786,128525292,2,"HEK293"
"SRR488728","1__149898268__149899186","1",149898268,149899186,2,"HEK293"
"SRR488728","5__179132680__179136060","5",179132680,179136060,2,"HEK293"
"SRR488729","16__3708038__3721792","16",3708038,3721792,2,"HEK293"
"SRR488729","17__37006615__37006728","17",37006615,37006728,2,"HEK293"
"SRR488729","X__47071823__47071911","X",47071823,47071911,2,"HEK293"
"SRR488729","3__49063757__49064319","3",49063757,49064319,2,"HEK293"
"SRR488729","17__56439905__56440961","17",56439905,56440961,4,"HEK293"
"SRR488729","1__183083666__183084772","1",183083666,183084772,2,"HEK293"
"SRR488736","17__5312053__5312229","17",5312053,5312229,2,"HEK293"
"SRR488736","14__23371966__23380612","14",23371966,23380612,2,"HEK293"
"SRR488736","8__28570974__28575724","8",28570974,28575724,2,"HEK293"
"SRR488736","6__35586873__35588051","6",35586873,35588051,2,"HEK293"
"SRR488736","17__40764093__40812334","17",40764093,40812334,2,"HEK293"
"SRR488736","1__44442262__44443967","1",44442262,44443967,2,"HEK293"
"SRR488736","12__49525081__49580616","12",49525081,49580616,5,"HEK293"
"SRR488736","5__74109665__74137504","5",74109665,74137504,2,"HEK293"
"SRR488736","4__83787961__83796975","4",83787961,83796975,2,"HEK293"
"SRR488736","10__102296168__102313681","10",102296168,102313681,2,"HEK293"
"SRR488736","6__165792683__165809948","6",165792683,165809948,3,"HEK293"
"SRR488736","2__202277556__202278059","2",202277556,202278059,2,"HEK293"
"SRR488739","16__15724189__15725355","16",15724189,15725355,3,"HEK293"
"SRR488739","22__25750563__25753393","22",25750563,25753393,2,"HEK293"
"SRR488739","17__37006615__37006728","17",37006615,37006728,2,"HEK293"
"SRR488739","X__47071823__47071911","X",47071823,47071911,2,"HEK293"
"SRR488739","12__49525081__49580616","12",49525081,49580616,2,"HEK293"
"SRR488739","4__52729603__52758017","4",52729603,52758017,2,"HEK293"
"SRR488739","10__103868786__103871293","10",103868786,103871293,2,"HEK293"
"SRR488739","12__111990084__111993723","12",111990084,111993723,3,"HEK293"
"SRR488739","5__179132680__179136060","5",179132680,179136060,2,"HEK293"
"SRR488739","2__238252198__238259835","2",238252198,238259835,2,"HEK293"
"SRR488740","4__103717133__103720657","4",103717133,103720657,2,"HEK293"
"SRR488741","6__4891947__4892613","6",4891947,4892613,2,"HEK293"
"SRR488741","11__9450087__9450743","11",9450087,9450743,2,"HEK293"
"SRR488741","19__14557238__14580626","19",14557238,14580626,2,"HEK293"
"SRR488741","6__26158780__26184405","6",26158780,26184405,2,"HEK293"
"SRR488741","6__34555066__34622556","6",34555066,34622556,2,"HEK293"
"SRR488741","15__67524152__67529158","15",67524152,67529158,2,"HEK293"
"SRR488741","17__76987802__76988222","17",76987802,76988222,2,"HEK293"
"SRR488741","14__77930941__77935815","14",77930941,77935815,2,"HEK293"
"SRR488741","7__102227551__102234689","7",102227551,102234689,2,"HEK293"
"SRR488741","4__103717133__103720657","4",103717133,103720657,2,"HEK293"
"SRR488741","2__149866649__149883273","2",149866649,149883273,3,"HEK293"
"SRR488741","1__213445867__213446808","1",213445867,213446808,2,"HEK293"
"SRR488741","2__230662406__230744844","2",230662406,230744844,2,"HEK293"
"SRR490650","5__43675613__43702838","5",43675613,43702838,2,"HEK293"
"SRR490650","9__125042722__125054119","9",125042722,125054119,2,"HEK293"
"SRR490650","1__144598512__144607061","1",144598512,144607061,2,"HEK293"
"SRR567525","11__47505005__47505084","11",47505005,47505084,2,"HELA"
"SRR567525","1__145314904__145323705","1",145314904,145323705,23,"HELA"
"SRR567525","1__145327493__145367822","1",145327493,145367822,2,"HELA"
"SRR567526","1__145314904__145323705","1",145314904,145323705,2,"HELA"
"SRR568009","2__11321778__11341539","2",11321778,11341539,2,"HELA"
"SRR568009","1__22041882__22048257","1",22041882,22048257,2,"HELA"
"SRR568009","1__89237104__89270604","1",89237104,89270604,2,"HELA"
"SRR568009","1__145314904__145323705","1",145314904,145323705,3,"HELA"
"SRR568009","1__145327493__145367822","1",145327493,145367822,4,"HELA"
"SRR568010","2__11321778__11341539","2",11321778,11341539,2,"HELA"
"SRR568010","10__21940602__21940697","10",21940602,21940697,2,"HELA"
"SRR568010","8__28669844__28704326","8",28669844,28704326,2,"HELA"
"SRR568010","8__38109650__38111236","8",38109650,38111236,2,"HELA"
"SRR568010","1__145327493__145367822","1",145327493,145367822,4,"HELA"
"SRR568010","2__238252198__238259835","2",238252198,238259835,2,"HELA"
"SRR568010","1__245021313__245022676","1",245021313,245022676,2,"HELA"
"SRR568011","19__5604594__5616497","19",5604594,5616497,2,"HELA"
"SRR568011","16__30311190__30312679","16",30311190,30312679,2,"HELA"
"SRR568011","2__136690353__136701050","2",136690353,136701050,2,"HELA"
"SRR568011","1__145327493__145367822","1",145327493,145367822,2,"HELA"
"SRR650318","2__238252198__238259835","2",238252198,238259835,2,"HEK293"
"SRR653239","10__51853028__51866225","10",51853028,51866225,3,"HEK293T"
"SRR653239","6__86252900__86253478","6",86252900,86253478,2,"HEK293T"
"SRR653239","9__104162208__104172942","9",104162208,104172942,2,"HEK293T"
"SRR653239","1__117944808__117963271","1",117944808,117963271,2,"HEK293T"
"SRR653239","4__154547299__154548839","4",154547299,154548839,2,"HEK293T"
"SRR653239","5__167915607__167924353","5",167915607,167924353,2,"HEK293T"
"SRR653239","5__167915607__167943955","5",167915607,167943955,2,"HEK293T"
"SRR653239","2__240929491__240946787","2",240929491,240946787,2,"HEK293T"
"SRR771563","9__104162208__104172942","9",104162208,104172942,2,"HEK293"
"SRR901495","10__21940602__21940697","10",21940602,21940697,2,"HELA"
"SRR921441","4__186168448__186272763","4",186168448,186272763,2,"HEK293"
"SRR921442","17__11984673__12016677","17",11984673,12016677,2,"HEK293"
"SRR921442","1__145327493__145367822","1",145327493,145367822,2,"HEK293"
"SRR944646","22__29784413__29819177","22",29784413,29819177,2,"HELA"
"SRR944646","15__41194814__41196173","15",41194814,41196173,3,"HELA"
"SRR944646","15__41961026__41962156","15",41961026,41962156,4,"HELA"
"SRR944646","15__73991927__73996813","15",73991927,73996813,2,"HELA"
"SRR944646","15__78337242__78346529","15",78337242,78346529,2,"HELA"
"SRR989637","4__3088666__3124663","4",3088666,3124663,2,"HEK293"
"SRR989637","6__76357447__76388643","6",76357447,76388643,2,"HEK293"
"SRR989637","2__206036935__206305396","2",206036935,206305396,2,"HEK293"
"SRR1002953","X__15444029__15477863","X",15444029,15477863,2,"HELA"
"SRR1198832","X__3744677__3761935","X",3744677,3761935,2,"HEK293T"
"SRR1198832","17__37006615__37006728","17",37006615,37006728,2,"HEK293T"
"SRR1198832","4__57316785__57319927","4",57316785,57319927,2,"HEK293T"
"SRR1198832","8__104417004__104420012","8",104417004,104420012,2,"HEK293T"
"SRR1198832","5__137320946__137324004","5",137320946,137324004,2,"HEK293T"
"SRR1198833","4__3205734__3224214","4",3205734,3224214,2,"HEK293T"
"SRR1198833","6__27424605__27435699","6",27424605,27435699,2,"HEK293T"
"SRR1198833","17__45646783__45681415","17",45646783,45681415,2,"HEK293T"
"SRR1198833","17__73759401__73759520","17",73759401,73759520,2,"HEK293T"
"SRR1198833","12__95645716__95656857","12",95645716,95656857,2,"HEK293T"
"SRR1198833","7__158662546__158669382","7",158662546,158669382,2,"HEK293T"
"SRR1198833","1__243230927__243242354","1",243230927,243242354,2,"HEK293T"
"SRR1198834","X__73071910__73072064","X",73071910,73072064,2,"HEK293T"
"SRR1198834","1__235416045__235420540","1",235416045,235420540,2,"HEK293T"
"SRR1198834","1__243230927__243242354","1",243230927,243242354,2,"HEK293T"
"SRR1198835","16__450219__450754","16",450219,450754,2,"HEK293T"
"SRR1198835","19__2191011__2206796","19",2191011,2206796,2,"HEK293T"
"SRR1198835","17__45646783__45681415","17",45646783,45681415,2,"HEK293T"
"SRR1198835","3__52682360__52682458","3",52682360,52682458,3,"HEK293T"
"SRR1198836","1__243230927__243242354","1",243230927,243242354,2,"HEK293T"
"SRR1198837","17__45646783__45681415","17",45646783,45681415,2,"HEK293T"
"SRR1198838","17__45646783__45681415","17",45646783,45681415,2,"HEK293T"
"SRR1198838","1__243230927__243242354","1",243230927,243242354,2,"HEK293T"
"SRR1198839","19__2191011__2206796","19",2191011,2206796,2,"HEK293T"
"SRR1198839","17__45646783__45681415","17",45646783,45681415,2,"HEK293T"
"SRR1198839","1__55598218__55620139","1",55598218,55620139,2,"HEK293T"
"SRR1198839","1__243230927__243242354","1",243230927,243242354,2,"HEK293T"
"SRR1269756","M__7587__7982","M",7587,7982,3,"HEK293T"
"SRR1269756","16__2155323__2156305","16",2155323,2156305,2,"HEK293T"
"SRR1269756","1__32852380__32852496","1",32852380,32852496,2,"HEK293T"
"SRR1269756","3__49063757__49064319","3",49063757,49064319,2,"HEK293T"
"SRR1269756","14__50053483__50320468","14",50053483,50320468,4,"HEK293T"
"SRR1269756","14__50053483__50329358","14",50053483,50329358,4,"HEK293T"
"SRR1269756","14__50053462__50329382","14",50053462,50329382,4,"HEK293T"
"SRR1269756","1__145327493__145367822","1",145327493,145367822,2,"HEK293T"
"SRR1269759","4__140258002__140262223","4",140258002,140262223,2,"HEK293T"
"SRR1556935","16__53496464__53514681","16",53496464,53514681,2,"HEK293T"
"SRR1556935","6__117846525__117858388","6",117846525,117858388,2,"HEK293T"
"SRR1556936","X__139865340__139866824","X",139865340,139866824,2,"HEK293T"
"SRR1373360","4__1219148__1235307","4",1219148,1235307,2,"HELA"
"SRR1373360","5__6623327__6625782","5",6623327,6625782,2,"HELA"
"SRR1373360","1__21377359__21415706","1",21377359,21415706,2,"HELA"
"SRR1373360","13__24796957__24798720","13",24796957,24798720,2,"HELA"
"SRR1373360","22__29784413__29819177","22",29784413,29819177,2,"HELA"
"SRR1373360","19__30476130__30477324","19",30476130,30477324,2,"HELA"
"SRR1373360","1__31465237__31468067","1",31465237,31468067,2,"HELA"
"SRR1373360","5__32135678__32143986","5",32135678,32143986,2,"HELA"
"SRR1373360","13__42481722__42486304","13",42481722,42486304,2,"HELA"
"SRR1373360","X__53672263__53681075","X",53672263,53681075,5,"HELA"
"SRR1373360","7__56049903__56051561","7",56049903,56051561,2,"HELA"
"SRR1373360","17__60741909__60742310","17",60741909,60742310,2,"HELA"
"SRR1373360","17__80521230__80529746","17",80521230,80529746,2,"HELA"
"SRR1373360","16__88037901__88052273","16",88037901,88052273,2,"HELA"
"SRR1373360","9__137982041__137998701","9",137982041,137998701,2,"HELA"
"SRR1373360","5__149215826__149221940","5",149215826,149221940,3,"HELA"
"SRR1373360","5__149215826__149225477","5",149215826,149225477,2,"HELA"
"SRR1373360","3__169863211__169867032","3",169863211,169867032,3,"HELA"
"SRR1373360","5__176963359__176966148","5",176963359,176966148,3,"HELA"
"SRR1373361","1__21377359__21415706","1",21377359,21415706,2,"HELA"
"SRR1373361","14__24735636__24737825","14",24735636,24737825,2,"HELA"
"SRR1373361","5__32135678__32143986","5",32135678,32143986,3,"HELA"
"SRR1373361","4__52729603__52758017","4",52729603,52758017,3,"HELA"
"SRR1373361","7__56049903__56051561","7",56049903,56051561,3,"HELA"
"SRR1373361","16__80718435__80719026","16",80718435,80719026,5,"HELA"
"SRR1373361","1__117944808__117948267","1",117944808,117948267,2,"HELA"
"SRR1373361","1__117944808__117963271","1",117944808,117963271,2,"HELA"
"SRR1373361","3__169863211__169867032","3",169863211,169867032,5,"HELA"
"SRR1373361","2__171884849__172087824","2",171884849,172087824,3,"HELA"
"SRR1373361","1__179316735__179318077","1",179316735,179318077,3,"HELA"
"SRR1539123","20__17936009__17937681","20",17936009,17937681,2,"HELA"
"SRR1539123","17__26966333__26969353","17",26966333,26969353,2,"HELA"
"SRR1539123","12__49525081__49580616","12",49525081,49580616,2,"HELA"
"SRR1539123","11__62297841__62298224","11",62297841,62298224,2,"HELA"
"SRR1539123","11__64568583__64568655","11",64568583,64568655,2,"HELA"
"SRR1539123","12__123054228__123062338","12",123054228,123062338,2,"HELA"
"SRR1539123","9__131362359__131389777","9",131362359,131389777,2,"HELA"
"SRR1539123","4__166910533__166946583","4",166910533,166946583,2,"HELA"
"SRR1566437","10__91465051__91469822","10",91465051,91469822,2,"HEK293"
"SRR1661485","17_ctg5_hap1__616745__618122","17_ctg5_hap1",616745,618122,2,"HELA"
"SRR1661485","16__2155323__2156305","16",2155323,2156305,2,"HELA"
"SRR1661485","19__4690890__4719953","19",4690890,4719953,2,"HELA"
"SRR1661485","1__29522710__29557454","1",29522710,29557454,2,"HELA"
"SRR1661485","22__29784413__29819177","22",29784413,29819177,2,"HELA"
"SRR1661485","15__41194814__41196173","15",41194814,41196173,5,"HELA"
"SRR1661485","15__41961026__41962156","15",41961026,41962156,6,"HELA"
"SRR1661485","11__47744528__47786914","11",47744528,47786914,2,"HELA"
"SRR1661485","9__97055724__97058128","9",97055724,97058128,5,"HELA"
"SRR1661486","17_ctg5_hap1__616745__618122","17_ctg5_hap1",616745,618122,2,"HELA"
"SRR1661486","6__4891947__4892613","6",4891947,4892613,2,"HELA"
"SRR1661486","17__19213198__19232960","17",19213198,19232960,7,"HELA"
"SRR1661486","14__24735636__24737825","14",24735636,24737825,2,"HELA"
"SRR1661486","15__41194814__41196173","15",41194814,41196173,2,"HELA"
"SRR1661486","15__41961026__41962156","15",41961026,41962156,4,"HELA"
"SRR1661486","11__47289812__47289906","11",47289812,47289906,2,"HELA"
"SRR1661486","9__137982041__137998701","9",137982041,137998701,2,"HELA"
"SRR1732275","1__1586823__1650894","1",1586823,1650894,26,"HELA"
"SRR1732275","11__2972489__3000467","11",2972489,3000467,3,"HELA"
"SRR1732275","4__3205734__3224214","4",3205734,3224214,2,"HELA"
"SRR1732275","6__4891947__4892613","6",4891947,4892613,8,"HELA"
"SRR1732275","6__18256592__18258636","6",18256592,18258636,2,"HELA"
"SRR1732275","10__21940602__21940697","10",21940602,21940697,2,"HELA"
"SRR1732275","22__29784413__29819177","22",29784413,29819177,3,"HELA"
"SRR1732275","20__34317234__34320057","20",34317234,34320057,3,"HELA"
"SRR1732275","9__35705548__35720506","9",35705548,35720506,2,"HELA"
"SRR1732275","X__44383248__44386611","X",44383248,44386611,3,"HELA"
"SRR1732275","17__45695716__45696530","17",45695716,45696530,2,"HELA"
"SRR1732275","3__47727539__47752298","3",47727539,47752298,2,"HELA"
"SRR1732275","4__52729603__52744020","4",52729603,52744020,2,"HELA"
"SRR1732275","8__62531537__62566219","8",62531537,62566219,3,"HELA"
"SRR1732275","8__62550506__62566219","8",62550506,62566219,2,"HELA"
"SRR1732275","17__65941525__65972074","17",65941525,65972074,2,"HELA"
"SRR1732275","11__77333545__77336863","11",77333545,77336863,2,"HELA"
"SRR1732275","11__77336008__77336863","11",77336008,77336863,3,"HELA"
"SRR1732275","1__117944808__117957453","1",117944808,117957453,2,"HELA"
"SRR1732275","1__117944808__117963271","1",117944808,117963271,7,"HELA"
"SRR1732275","1__117957335__117963271","1",117957335,117963271,2,"HELA"
"SRR1732275","1__117944808__117984947","1",117944808,117984947,2,"HELA"
"SRR1732275","5__131951695__131953986","5",131951695,131953986,2,"HELA"
"SRR1732275","5__134118635__134118755","5",134118635,134118755,4,"HELA"
"SRR1732275","5__138699448__138700432","5",138699448,138700432,2,"HELA"
"SRR1732275","4__144464662__144465125","4",144464662,144465125,3,"HELA"
"SRR1732275","1__145314904__145323705","1",145314904,145323705,4,"HELA"
"SRR1732275","1__145355187__145359187","1",145355187,145359187,2,"HELA"
"SRR1732275","4__153332455__153333681","4",153332455,153333681,2,"HELA"
"SRR1732275","7__155465561__155473602","7",155465561,155473602,12,"HELA"
"SRR1732275","1__155646339__155649303","1",155646339,155649303,2,"HELA"
"SRR1732275","3__157839892__157841780","3",157839892,157841780,3,"HELA"
"SRR1732275","7__158662546__158669382","7",158662546,158669382,3,"HELA"
"SRR1732275","5__179665332__179668155","5",179665332,179668155,2,"HELA"
"SRR2517447","16__2155323__2156305","16",2155323,2156305,2,"HEK293T"
"SRR2517448","12__49525081__49580616","12",49525081,49580616,2,"HEK293T"
"SRR3509992","1__1586823__1650894","1",1586823,1650894,7,"HELA"
"SRR3509992","6__18256592__18258636","6",18256592,18258636,2,"HELA"
"SRR3509992","14__23530507__23547475","14",23530507,23547475,2,"HELA"
"SRR3509992","17__37006615__37006728","17",37006615,37006728,2,"HELA"
"SRR3509992","5__37326003__37341344","5",37326003,37341344,2,"HELA"
"SRR3509992","17__42957922__42960526","17",42957922,42960526,3,"HELA"
"SRR3509992","3__47727539__47752298","3",47727539,47752298,2,"HELA"
"SRR3509992","1__55598218__55620139","1",55598218,55620139,2,"HELA"
"SRR3509992","10__98303833__98312816","10",98303833,98312816,2,"HELA"
"SRR3509992","14__102514853__102515006","14",102514853,102515006,2,"HELA"
"SRR3509992","1__117944808__117963271","1",117944808,117963271,2,"HELA"
"SRR3509992","2__136690353__136701050","2",136690353,136701050,2,"HELA"
"SRR3509992","1__145314904__145323705","1",145314904,145323705,2,"HELA"
"SRR3509992","1__145327493__145367822","1",145327493,145367822,3,"HELA"
"SRR3509992","4__153253748__153259088","4",153253748,153259088,2,"HELA"
"SRR3509992","1__160188114__160213824","1",160188114,160213824,2,"HELA"
"SRR3509992","5__179132680__179136060","5",179132680,179136060,2,"HELA"
"SRR3509993","1__1586823__1650894","1",1586823,1650894,2,"HELA"
"SRR3509993","16__2155323__2156305","16",2155323,2156305,3,"HELA"
"SRR3509993","10__21940602__21940697","10",21940602,21940697,2,"HELA"
"SRR3509993","22__42912017__42973104","22",42912017,42973104,2,"HELA"
"SRR3509993","3__49063757__49064319","3",49063757,49064319,2,"HELA"
"SRR3509994","1__1586823__1650894","1",1586823,1650894,3,"HELA"
"SRR3509994","1__160188114__160213824","1",160188114,160213824,2,"HELA"
"SRR3509998","1__1586823__1650894","1",1586823,1650894,2,"HELA"
"SRR3509998","16__2155323__2156305","16",2155323,2156305,2,"HELA"
"SRR3509998","6__18256592__18258636","6",18256592,18258636,2,"HELA"
"SRR3509998","17__42957922__42960526","17",42957922,42960526,2,"HELA"
"SRR3509998","22__42910112__42970824","22",42910112,42970824,2,"HELA"
"SRR3509998","1__89237104__89270604","1",89237104,89270604,2,"HELA"
"SRR3509998","3__123667538__123667632","3",123667538,123667632,3,"HELA"
"SRR3509999","2__11321778__11341539","2",11321778,11341539,2,"HELA"
"SRR3509999","12__22643057__22659753","12",22643057,22659753,2,"HELA"
"SRR3509999","15__59186289__59205895","15",59186289,59205895,2,"HELA"
"SRR3509999","1__89237104__89270604","1",89237104,89270604,2,"HELA"
"SRR3509999","3__123667538__123667632","3",123667538,123667632,5,"HELA"
"SRR3509999","7__140476712__140534672","7",140476712,140534672,2,"HELA"
"SRR3509999","1__235416045__235424067","1",235416045,235424067,2,"HELA"
"SRR3510002","3__4741497__4810448","3",4741497,4810448,2,"HELA"
"SRR3510002","7__16720926__16729531","7",16720926,16729531,2,"HELA"
"SRR3510002","22__29784413__29819177","22",29784413,29819177,2,"HELA"
"SRR3510002","1__55598218__55620139","1",55598218,55620139,2,"HELA"
"SRR3510002","11__64568583__64568655","11",64568583,64568655,2,"HELA"
"SRR3510002","12__70193989__70195501","12",70193989,70195501,2,"HELA"
"SRR3510002","3__123667538__123667632","3",123667538,123667632,2,"HELA"
"SRR3510002","5__134118635__134118755","5",134118635,134118755,2,"HELA"
"SRR3510002","7__140453075__140507862","7",140453075,140507862,2,"HELA"
"SRR3510002","7__140476712__140534672","7",140476712,140534672,2,"HELA"
"SRR3199721","1__1586823__1650894","1",1586823,1650894,2,"HELA"
"SRR3199721","16__2155323__2156305","16",2155323,2156305,2,"HELA"
"SRR3199721","11__108590524__108722936","11",108590524,108722936,2,"HELA"
"SRR3199722","16__2155323__2156305","16",2155323,2156305,2,"HELA"
"SRR3199722","11__108590524__108722936","11",108590524,108722936,2,"HELA"
"SRR3110177","9__35657752__35658017","9",35657752,35658017,9,"HEK293"
"SRR3110177","15__67524152__67529158","15",67524152,67529158,2,"HEK293"
"SRR3110177","4__148778704__148803083","4",148778704,148803083,2,"HEK293"
"SRR3110177","1__245021313__245022676","1",245021313,245022676,2,"HEK293"
"ERR1201429","12__1003728__1003801","12",1003728,1003801,3,"HELA"
"ERR1201429","1__1430865__1464711","1",1430865,1464711,2,"HELA"
"ERR1201429","1__1586823__1650894","1",1586823,1650894,24,"HELA"
"ERR1201429","16__2809570__2809662","16",2809570,2809662,2,"HELA"
"ERR1201429","6__4891947__4892613","6",4891947,4892613,6,"HELA"
"ERR1201429","17__7402358__7402810","17",7402358,7402810,2,"HELA"
"ERR1201429","16__15212783__15212911","16",15212783,15212911,2,"HELA"
"ERR1201429","17__15965419__16055312","17",15965419,16055312,2,"HELA"
"ERR1201429","6__18256592__18258636","6",18256592,18258636,10,"HELA"
"ERR1201429","17__20107646__20109225","17",20107646,20109225,3,"HELA"
"ERR1201429","1__22174451__22199253","1",22174451,22199253,5,"HELA"
"ERR1201429","1__22200899__22201026","1",22200899,22201026,3,"HELA"
"ERR1201429","1__24981346__24998086","1",24981346,24998086,2,"HELA"
"ERR1201429","22__25853226__25855482","22",25853226,25855482,2,"HELA"
"ERR1201429","7__26233195__26233278","7",26233195,26233278,3,"HELA"
"ERR1201429","7__26233195__26237352","7",26233195,26237352,2,"HELA"
"ERR1201429","21__33723013__33723231","21",33723013,33723231,2,"HELA"
"ERR1201429","9__33971649__33973235","9",33971649,33973235,3,"HELA"
"ERR1201429","17__34859790__34870391","17",34859790,34870391,2,"HELA"
"ERR1201429","17__35376304__35414171","17",35376304,35414171,2,"HELA"
"ERR1201429","9__35657752__35658017","9",35657752,35658017,2,"HELA"
"ERR1201429","17__38635926__38643712","17",38635926,38643712,2,"HELA"
"ERR1201429","21__38862477__38878526","21",38862477,38878526,2,"HELA"
"ERR1201429","15__39881403__39885869","15",39881403,39885869,2,"HELA"
"ERR1201429","22__42912017__42973104","22",42912017,42973104,4,"HELA"
"ERR1201429","15__44751189__44792011","15",44751189,44792011,2,"HELA"
"ERR1201429","12__46751971__46765162","12",46751971,46765162,2,"HELA"
"ERR1201429","3__47651556__47663831","3",47651556,47663831,2,"HELA"
"ERR1201429","17__48266264__48269889","17",48266264,48269889,2,"HELA"
"ERR1201429","17__48271491__48275566","17",48271491,48275566,4,"HELA"
"ERR1201429","12__49423184__49449107","12",49423184,49449107,4,"HELA"
"ERR1201429","20__50329505__50346517","20",50329505,50346517,2,"HELA"
"ERR1201429","6__52130873__52134024","6",52130873,52134024,2,"HELA"
"ERR1201429","3__52238709__52240039","3",52238709,52240039,2,"HELA"
"ERR1201429","13__52990152__52992191","13",52990152,52992191,2,"HELA"
"ERR1201429","4__57316785__57319927","4",57316785,57319927,2,"HELA"
"ERR1201429","1__59132710__59160879","1",59132710,59160879,2,"HELA"
"ERR1201429","15__59186289__59205895","15",59186289,59205895,2,"HELA"
"ERR1201429","1__61743192__61743257","1",61743192,61743257,2,"HELA"
"ERR1201429","16__67912069__67914119","16",67912069,67914119,2,"HELA"
"ERR1201429","17__76688499__76695050","17",76688499,76695050,2,"HELA"
"ERR1201429","X__76907604__76912143","X",76907604,76912143,2,"HELA"
"ERR1201429","X__76888695__76920267","X",76888695,76920267,2,"HELA"
"ERR1201429","11__77396150__77413540","11",77396150,77413540,2,"HELA"
"ERR1201429","15__80390758__80415142","15",80390758,80415142,2,"HELA"
"ERR1201429","1__89237104__89270604","1",89237104,89270604,2,"HELA"
"ERR1201429","5__89791494__89802491","5",89791494,89802491,3,"HELA"
"ERR1201429","10__95430527__95433133","10",95430527,95433133,2,"HELA"
"ERR1201429","9__96277949__96278551","9",96277949,96278551,2,"HELA"
"ERR1201429","12__111907912__111948386","12",111907912,111948386,2,"HELA"
"ERR1201429","1__117944808__117963271","1",117944808,117963271,3,"HELA"
"ERR1201429","3__129290520__129303076","3",129290520,129303076,2,"HELA"
"ERR1201429","9__131360679__131367756","9",131360679,131367756,4,"HELA"
"ERR1201429","5__134118635__134118755","5",134118635,134118755,3,"HELA"
"ERR1201429","5__137320946__137324004","5",137320946,137324004,2,"HELA"
"ERR1201429","9__138773479__138774924","9",138773479,138774924,2,"HELA"
"ERR1201429","1__145314904__145323705","1",145314904,145323705,7,"HELA"
"ERR1201429","1__145355187__145359187","1",145355187,145359187,12,"HELA"
"ERR1201429","1__145327493__145367822","1",145327493,145367822,6,"HELA"
"ERR1201429","8__145535191__145535287","8",145535191,145535287,5,"HELA"
"ERR1201429","X__153587614__153592740","X",153587614,153592740,2,"HELA"
"ERR1201429","1__153738951__153744916","1",153738951,153744916,3,"HELA"
"ERR1201429","1__155204239__155205102","1",155204239,155205102,2,"HELA"
"ERR1201429","1__160188114__160213824","1",160188114,160213824,7,"HELA"
"ERR1201429","5__179132680__179136060","5",179132680,179136060,2,"HELA"
"ERR1201429","1__179956375__180023637","1",179956375,180023637,2,"HELA"
"ERR1201429","3__183900545__183901879","3",183900545,183901879,2,"HELA"
"ERR1201429","3__190321917__190326970","3",190321917,190326970,3,"HELA"
"ERR1201429","2__232320112__232320192","2",232320112,232320192,4,"HELA"
"ERR1201429","2__234346023__234346125","2",234346023,234346125,2,"HELA"
"ERR1201430","7__618893__751164","7",618893,751164,2,"HELA"
"ERR1201430","1__1586823__1650894","1",1586823,1650894,4,"HELA"
"ERR1201430","19__5604594__5610106","19",5604594,5610106,2,"HELA"
"ERR1201430","19__5604594__5616497","19",5604594,5616497,2,"HELA"
"ERR1201430","2__11321778__11341539","2",11321778,11341539,2,"HELA"
"ERR1201430","1__22200899__22201026","1",22200899,22201026,2,"HELA"
"ERR1201430","20__33162908__33163050","20",33162908,33163050,2,"HELA"
"ERR1201430","9__33971649__33973235","9",33971649,33973235,2,"HELA"
"ERR1201430","9__35657752__35658017","9",35657752,35658017,3,"HELA"
"ERR1201430","22__42910112__42970824","22",42910112,42970824,3,"HELA"
"ERR1201430","17__48273284__48274594","17",48273284,48274594,3,"HELA"
"ERR1201430","X__48460172__48460594","X",48460172,48460594,2,"HELA"
"ERR1201430","19__50183397__50189500","19",50183397,50189500,2,"HELA"
"ERR1201430","8__74585342__74652103","8",74585342,74652103,2,"HELA"
"ERR1201430","17__76798406__76800060","17",76798406,76800060,2,"HELA"
"ERR1201430","13__114149817__114164739","13",114149817,114164739,2,"HELA"
"ERR1201430","1__116927405__116939356","1",116927405,116939356,2,"HELA"
"ERR1201430","1__117944808__118009049","1",117944808,118009049,2,"HELA"
"ERR1201430","X__130883334__130928494","X",130883334,130928494,2,"HELA"
"ERR1201430","1__145355187__145359187","1",145355187,145359187,2,"HELA"
"ERR1201430","8__145535191__145535287","8",145535191,145535287,2,"HELA"
"ERR1201430","5__179132680__179136060","5",179132680,179136060,2,"HELA"
"ERR1201430","2__232320112__232320192","2",232320112,232320192,2,"HELA"
"ERR1201430","1__245021313__245022676","1",245021313,245022676,5,"HELA"
"ERR1201431","16__2155323__2156305","16",2155323,2156305,5,"HELA"
"ERR1201431","16__3725325__3739138","16",3725325,3739138,2,"HELA"
"ERR1201431","19__9001831__9012898","19",9001831,9012898,2,"HELA"
"ERR1201431","3__10105476__10138156","3",10105476,10138156,2,"HELA"
"ERR1201431","6__18256592__18258636","6",18256592,18258636,2,"HELA"
"ERR1201431","9__33971649__33973235","9",33971649,33973235,2,"HELA"
"ERR1201431","9__35657752__35658017","9",35657752,35658017,3,"HELA"
"ERR1201431","17__40765867__40817580","17",40765867,40817580,2,"HELA"
"ERR1201431","22__42910112__42970824","22",42910112,42970824,2,"HELA"
"ERR1201431","22__42912017__42973104","22",42912017,42973104,5,"HELA"
"ERR1201431","10__93754292__93768032","10",93754292,93768032,2,"HELA"
"ERR1201431","7__99952766__99953427","7",99952766,99953427,2,"HELA"
"ERR1201431","9__131742885__131764008","9",131742885,131764008,5,"HELA"
"ERR1201431","1__145327493__145367822","1",145327493,145367822,2,"HELA"
"ERR1201431","8__145535191__145535287","8",145535191,145535287,2,"HELA"
"ERR1201431","1__151336780__151337181","1",151336780,151337181,2,"HELA"
"ERR1201431","X__153580549__153588273","X",153580549,153588273,3,"HELA"
"ERR1201432","16__2155323__2156305","16",2155323,2156305,3,"HELA"
"ERR1201432","4__3205734__3224214","4",3205734,3224214,2,"HELA"
"ERR1201432","6__18256592__18258636","6",18256592,18258636,2,"HELA"
"ERR1201432","8__19701587__19709586","8",19701587,19709586,2,"HELA"
"ERR1201432","15__30025298__30065560","15",30025298,30065560,2,"HELA"
"ERR1201432","9__35657752__35658017","9",35657752,35658017,3,"HELA"
"ERR1201432","22__42912017__42973104","22",42912017,42973104,2,"HELA"
"ERR1201432","X__47058879__47074527","X",47058879,47074527,2,"HELA"
"ERR1201432","17__48271491__48275566","17",48271491,48275566,5,"HELA"
"ERR1201432","X__48460172__48460594","X",48460172,48460594,3,"HELA"
"ERR1201432","17__62499044__62499466","17",62499044,62499466,2,"HELA"
"ERR1201432","2__100065798__100081447","2",100065798,100081447,2,"HELA"
"ERR1201432","9__131742885__131764008","9",131742885,131764008,3,"HELA"
"ERR1201432","8__145535191__145535287","8",145535191,145535287,4,"HELA"
"ERR1201432","8__145618446__145624592","8",145618446,145624592,2,"HELA"
"ERR1201432","6__167435897__167447459","6",167435897,167447459,2,"HELA"
"ERR1201432","1__246490503__246498776","1",246490503,246498776,2,"HELA"
"ERR1201433","16__3725325__3739138","16",3725325,3739138,2,"HELA"
"ERR1201433","9__35657752__35658017","9",35657752,35658017,3,"HELA"
"ERR1201433","22__42912017__42973104","22",42912017,42973104,2,"HELA"
"ERR1201433","12__49525081__49580616","12",49525081,49580616,3,"HELA"
"ERR1201433","12__54737009__54741835","12",54737009,54741835,2,"HELA"
"ERR1201433","1__97243141__97243502","1",97243141,97243502,2,"HELA"
"ERR1201433","1__116927405__116939356","1",116927405,116939356,2,"HELA"
"ERR1201433","9__131742885__131764008","9",131742885,131764008,2,"HELA"
"ERR1201433","3__190321917__190326970","3",190321917,190326970,2,"HELA"
"ERR1201433","1__245021313__245022676","1",245021313,245022676,2,"HELA"
"ERR1201434","9__35657752__35658017","9",35657752,35658017,3,"HELA"
"ERR1201434","12__121220458__121248689","12",121220458,121248689,2,"HELA"
"ERR1201434","5__179132680__179136060","5",179132680,179136060,2,"HELA"
"ERR1201439","17_ctg5_hap1__616745__618122","17_ctg5_hap1",616745,618122,4,"HELA"
"ERR1201439","16__639669__668260","16",639669,668260,2,"HELA"
"ERR1201439","16__667208__668260","16",667208,668260,2,"HELA"
"ERR1201439","11__837942__838835","11",837942,838835,2,"HELA"
"ERR1201439","1__871152__874792","1",871152,874792,2,"HELA"
"ERR1201439","1__977336__985175","1",977336,985175,5,"HELA"
"ERR1201439","17__1264386__1265302","17",1264386,1265302,4,"HELA"
"ERR1201439","1__1430865__1464711","1",1430865,1464711,6,"HELA"
"ERR1201439","1__1586823__1650894","1",1586823,1650894,15,"HELA"
"ERR1201439","16__1675974__1691188","16",1675974,1691188,2,"HELA"
"ERR1201439","12__1887020__1893239","12",1887020,1893239,2,"HELA"
"ERR1201439","16__2225112__2226181","16",2225112,2226181,2,"HELA"
"ERR1201439","4__3107084__3190820","4",3107084,3190820,2,"HELA"
"ERR1201439","6_dbb_hap3__3219143__3221222","6_dbb_hap3",3219143,3221222,2,"HELA"
"ERR1201439","19__3660964__3661999","19",3660964,3661999,2,"HELA"
"ERR1201439","11__3697739__3704671","11",3697739,3704671,3,"HELA"
"ERR1201439","11__3752621__3774638","11",3752621,3774638,2,"HELA"
"ERR1201439","16__4383348__4383520","16",4383348,4383520,2,"HELA"
"ERR1201439","6__4891947__4892613","6",4891947,4892613,4,"HELA"
"ERR1201439","17__5235244__5250220","17",5235244,5250220,2,"HELA"
"ERR1201439","9__6880012__6893232","9",6880012,6893232,3,"HELA"
"ERR1201439","9__7046862__7049200","9",7046862,7049200,3,"HELA"
"ERR1201439","17__7402358__7402810","17",7402358,7402810,5,"HELA"
"ERR1201439","17__7475602__7481234","17",7475602,7481234,5,"HELA"
"ERR1201439","10__7839010__7844817","10",7839010,7844817,3,"HELA"
"ERR1201439","4__7870349__7873807","4",7870349,7873807,7,"HELA"
"ERR1201439","19__9001831__9006766","19",9001831,9006766,2,"HELA"
"ERR1201439","18__9117836__9126905","18",9117836,9126905,2,"HELA"
"ERR1201439","11__9451221__9452550","11",9451221,9452550,2,"HELA"
"ERR1201439","18__9931807__9950565","18",9931807,9950565,2,"HELA"
"ERR1201439","3__10105476__10138156","3",10105476,10138156,2,"HELA"
"ERR1201439","10__12160748__12162266","10",12160748,12162266,2,"HELA"
"ERR1201439","19__14267470__14270027","19",14267470,14270027,2,"HELA"
"ERR1201439","5__14358287__14378236","5",14358287,14378236,2,"HELA"
"ERR1201439","3__15269346__15272042","3",15269346,15272042,2,"HELA"
"ERR1201439","4__15626875__15628578","4",15626875,15628578,2,"HELA"
"ERR1201439","17__15965419__16055312","17",15965419,16055312,3,"HELA"
"ERR1201439","16__16126966__16130460","16",16126966,16130460,2,"HELA"
"ERR1201439","4__16175827__16177851","4",16175827,16177851,2,"HELA"
"ERR1201439","1__16464348__16464680","1",16464348,16464680,2,"HELA"
"ERR1201439","7__16720926__16729531","7",16720926,16729531,5,"HELA"
"ERR1201439","19__17212470__17213367","19",17212470,17213367,2,"HELA"
"ERR1201439","6__17661884__17676001","6",17661884,17676001,2,"HELA"
"ERR1201439","8__17827086__17830196","8",17827086,17830196,3,"HELA"
"ERR1201439","7__17908030__17915413","7",17908030,17915413,2,"HELA"
"ERR1201439","7__17908030__17937069","7",17908030,17937069,3,"HELA"
"ERR1201439","17__18128936__18141923","17",18128936,18141923,2,"HELA"
"ERR1201439","22__18178907__18185152","22",18178907,18185152,2,"HELA"
"ERR1201439","6__18256592__18258636","6",18256592,18258636,5,"HELA"
"ERR1201439","19__18648411__18649246","19",18648411,18649246,3,"HELA"
"ERR1201439","19__18650181__18650530","19",18650181,18650530,7,"HELA"
"ERR1201439","8__18622959__18662408","8",18622959,18662408,5,"HELA"
"ERR1201439","8__18656805__18662408","8",18656805,18662408,4,"HELA"
"ERR1201439","12__19615444__19626289","12",19615444,19626289,3,"HELA"
"ERR1201439","8__19701587__19709586","8",19701587,19709586,3,"HELA"
"ERR1201439","17__20107646__20109225","17",20107646,20109225,7,"HELA"
"ERR1201439","17__20149239__20163607","17",20149239,20163607,3,"HELA"
"ERR1201439","17__20156818__20163607","17",20156818,20163607,2,"HELA"
"ERR1201439","9__20819795__20823114","9",20819795,20823114,2,"HELA"
"ERR1201439","9__20923659__20933102","9",20923659,20933102,2,"HELA"
"ERR1201439","19__21205595__21216990","19",21205595,21216990,2,"HELA"
"ERR1201439","18__21390330__21396451","18",21390330,21396451,2,"HELA"
"ERR1201439","5__21495207__21495291","5",21495207,21495291,2,"HELA"
"ERR1201439","5__21495207__21497305","5",21495207,21497305,2,"HELA"
"ERR1201439","18__21644104__21646104","18",21644104,21646104,2,"HELA"
"ERR1201439","1__22173847__22175287","1",22173847,22175287,2,"HELA"
"ERR1201439","1__22200899__22201026","1",22200899,22201026,3,"HELA"
"ERR1201439","12__22643057__22659753","12",22643057,22659753,2,"HELA"
"ERR1201439","1__23356962__23377013","1",23356962,23377013,2,"HELA"
"ERR1201439","7__24663285__24708279","7",24663285,24708279,3,"HELA"
"ERR1201439","2__24777258__24807429","2",24777258,24807429,2,"HELA"
"ERR1201439","1__24981346__24998086","1",24981346,24998086,2,"HELA"
"ERR1201439","7__26233195__26237352","7",26233195,26237352,2,"HELA"
"ERR1201439","17__26449629__26499644","17",26449629,26499644,2,"HELA"
"ERR1201439","1__27056142__27059283","1",27056142,27059283,2,"HELA"
"ERR1201439","7__27668990__27672064","7",27668990,27672064,4,"HELA"
"ERR1201439","2__29006773__29011675","2",29006773,29011675,4,"HELA"
"ERR1201439","18__29691717__29693823","18",29691717,29693823,3,"HELA"
"ERR1201439","22__29784413__29819177","22",29784413,29819177,6,"HELA"
"ERR1201439","22__29913018__29913355","22",29913018,29913355,2,"HELA"
"ERR1201439","22__30032740__30038274","22",30032740,30038274,2,"HELA"
"ERR1201439","21__30693542__30702014","21",30693542,30702014,2,"HELA"
"ERR1201439","6__30856465__30857207","6",30856465,30857207,2,"HELA"
"ERR1201439","20__30954187__30956926","20",30954187,30956926,4,"HELA"
"ERR1201439","16__31193834__31193985","16",31193834,31193985,3,"HELA"
"ERR1201439","20__31375036__31380576","20",31375036,31380576,2,"HELA"
"ERR1201439","2__32142995__32157204","2",32142995,32157204,2,"HELA"
"ERR1201439","14__32559708__32586493","14",32559708,32586493,2,"HELA"
"ERR1201439","2__32688262__32756618","2",32688262,32756618,8,"HELA"
"ERR1201439","13__33091994__33101669","13",33091994,33101669,4,"HELA"
"ERR1201439","20__33162908__33163050","20",33162908,33163050,5,"HELA"
"ERR1201439","11__33307959__33309057","11",33307959,33309057,5,"HELA"
"ERR1201439","3__33450728__33467233","3",33450728,33467233,2,"HELA"
"ERR1201439","21__33723013__33723231","21",33723013,33723231,2,"HELA"
"ERR1201439","9__33953283__33963789","9",33953283,33963789,4,"HELA"
"ERR1201439","9__33971649__33973235","9",33971649,33973235,13,"HELA"
"ERR1201439","11__34093273__34098189","11",34093273,34098189,2,"HELA"
"ERR1201439","17__34859790__34870391","17",34859790,34870391,5,"HELA"
"ERR1201439","17__35506788__35545420","17",35506788,35545420,5,"HELA"
"ERR1201439","9__35657752__35658017","9",35657752,35658017,7,"HELA"
"ERR1201439","5__36211946__36227667","5",36211946,36227667,2,"HELA"
"ERR1201439","11__36248635__36248980","11",36248635,36248980,4,"HELA"
"ERR1201439","2__36668401__36669878","2",36668401,36669878,2,"HELA"
"ERR1201439","22__36914810__36915584","22",36914810,36915584,3,"HELA"
"ERR1201439","17__37006615__37006728","17",37006615,37006728,2,"HELA"
"ERR1201439","X__37265462__37285253","X",37265462,37285253,2,"HELA"
"ERR1201439","5__37326003__37341344","5",37326003,37341344,2,"HELA"
"ERR1201439","2__37463239__37473338","2",37463239,37473338,2,"HELA"
"ERR1201439","2__37543380__37544322","2",37543380,37544322,3,"HELA"
"ERR1201439","8__38109650__38111236","8",38109650,38111236,2,"HELA"
"ERR1201439","2__39526884__39542529","2",39526884,39542529,2,"HELA"
"ERR1201439","15__39881403__39885869","15",39881403,39885869,4,"HELA"
"ERR1201439","15__40289165__40300396","15",40289165,40300396,3,"HELA"
"ERR1201439","17__40612866__40665996","17",40612866,40665996,3,"HELA"
"ERR1201439","15__40683694__40684224","15",40683694,40684224,2,"HELA"
"ERR1201439","17__40766514__40818257","17",40766514,40818257,2,"HELA"
"ERR1201439","X__41029723__41077850","X",41029723,41077850,8,"HELA"
"ERR1201439","22__41641615__41677086","22",41641615,41677086,2,"HELA"
"ERR1201439","15__41821668__41827133","15",41821668,41827133,5,"HELA"
"ERR1201439","5__41850132__41862852","5",41850132,41862852,2,"HELA"
"ERR1201439","20__42310424__42320959","20",42310424,42320959,2,"HELA"
"ERR1201439","12__42604157__42604482","12",42604157,42604482,4,"HELA"
"ERR1201439","17__42957922__42960526","17",42957922,42960526,4,"HELA"
"ERR1201439","22__42910112__42970824","22",42910112,42970824,9,"HELA"
"ERR1201439","22__42912017__42973104","22",42912017,42973104,3,"HELA"
"ERR1201439","2__43655239__43657441","2",43655239,43657441,2,"HELA"
"ERR1201439","18__43664470__43675097","18",43664470,43675097,2,"HELA"
"ERR1201439","15__44046022__44048964","15",44046022,44048964,3,"HELA"
"ERR1201439","2__44139571__44145537","2",44139571,44145537,2,"HELA"
"ERR1201439","2__44145164__44153100","2",44145164,44153100,2,"HELA"
"ERR1201439","2__44931422__44942492","2",44931422,44942492,2,"HELA"
"ERR1201439","21__45165960__45168961","21",45165960,45168961,5,"HELA"
"ERR1201439","14__45475211__45501579","14",45475211,45501579,4,"HELA"
"ERR1201439","11__45877533__45882583","11",45877533,45882583,7,"HELA"
"ERR1201439","19__45916935__45918218","19",45916935,45918218,2,"HELA"
"ERR1201439","22__46085592__46098727","22",46085592,46098727,2,"HELA"
"ERR1201439","11__46098305__46113774","11",46098305,46113774,2,"HELA"
"ERR1201439","22__46085592__46114373","22",46085592,46114373,4,"HELA"
"ERR1201439","22__46085592__46136418","22",46085592,46136418,2,"HELA"
"ERR1201439","19__46357433__46357765","19",46357433,46357765,2,"HELA"
"ERR1201439","11__46515158__46515754","11",46515158,46515754,2,"HELA"
"ERR1201439","11__46515158__46529920","11",46515158,46529920,2,"HELA"
"ERR1201439","11__46515158__46534363","11",46515158,46534363,2,"HELA"
"ERR1201439","16__46708226__46711310","16",46708226,46711310,2,"HELA"
"ERR1201439","X__47071823__47071911","X",47071823,47071911,2,"HELA"
"ERR1201439","22__47188417__47193517","22",47188417,47193517,2,"HELA"
"ERR1201439","6__47251674__47254331","6",47251674,47254331,3,"HELA"
"ERR1201439","7__47384353__47385954","7",47384353,47385954,2,"HELA"
"ERR1201439","17__47388674__47390207","17",47388674,47390207,2,"HELA"
"ERR1201439","3__47466975__47470160","3",47466975,47470160,2,"HELA"
"ERR1201439","11__47647226__47648679","11",47647226,47648679,2,"HELA"
"ERR1201439","3__47651556__47663831","3",47651556,47663831,5,"HELA"
"ERR1201439","21__47768926__47769734","21",47768926,47769734,4,"HELA"
"ERR1201439","22__48081949__48082955","22",48081949,48082955,4,"HELA"
"ERR1201439","17__48266529__48271402","17",48266529,48271402,2,"HELA"
"ERR1201439","8__48875324__48885624","8",48875324,48885624,2,"HELA"
"ERR1201439","3__49094295__49095323","3",49094295,49095323,3,"HELA"
"ERR1201439","12__49318006__49318894","12",49318006,49318894,2,"HELA"
"ERR1201439","19__49699697__49700131","19",49699697,49700131,3,"HELA"
"ERR1201439","3__50142510__50143142","3",50142510,50143142,2,"HELA"
"ERR1201439","12__50146247__50149538","12",50146247,50149538,2,"HELA"
"ERR1201439","3__51991470__51995049","3",51991470,51995049,2,"HELA"
"ERR1201439","1__52838501__52850934","1",52838501,52850934,2,"HELA"
"ERR1201439","1__52854889__52862036","1",52854889,52862036,2,"HELA"
"ERR1201439","3__52946554__52950230","3",52946554,52950230,2,"HELA"
"ERR1201439","13__52992127__53001354","13",52992127,53001354,2,"HELA"
"ERR1201439","2__54096513__54096675","2",54096513,54096675,2,"HELA"
"ERR1201439","12__54737009__54741835","12",54737009,54741835,3,"HELA"
"ERR1201439","12__54795560__54797108","12",54795560,54797108,3,"HELA"
"ERR1201439","2__55209651__55214834","2",55209651,55214834,4,"HELA"
"ERR1201439","7__56049903__56051561","7",56049903,56051561,7,"HELA"
"ERR1201439","12__56182859__56194684","12",56182859,56194684,2,"HELA"
"ERR1201439","12__56956201__56965639","12",56956201,56965639,2,"HELA"
"ERR1201439","17__57274905__57275150","17",57274905,57275150,2,"HELA"
"ERR1201439","3__57857363__57882659","3",57857363,57882659,2,"HELA"
"ERR1201439","3__57875768__57882659","3",57875768,57882659,2,"HELA"
"ERR1201439","19__58904343__58904854","19",58904343,58904854,4,"HELA"
"ERR1201439","19__59061104__59061402","19",59061104,59061402,5,"HELA"
"ERR1201439","19__59063422__59063805","19",59063422,59063805,3,"HELA"
"ERR1201439","1__59132710__59160879","1",59132710,59160879,2,"HELA"
"ERR1201439","1__59787208__59844509","1",59787208,59844509,3,"HELA"
"ERR1201439","15__60734615__60737990","15",60734615,60737990,2,"HELA"
"ERR1201439","2__61430275__61542109","2",61430275,61542109,2,"HELA"
"ERR1201439","2__61749746__61761038","2",61749746,61761038,6,"HELA"
"ERR1201439","17__62130140__62133308","17",62130140,62133308,2,"HELA"
"ERR1201439","1__62365255__62367131","1",62365255,62367131,2,"HELA"
"ERR1201439","11__62549366__62550297","11",62549366,62550297,2,"HELA"
"ERR1201439","8__62531537__62566219","8",62531537,62566219,2,"HELA"
"ERR1201439","8__62593527__62596747","8",62593527,62596747,7,"HELA"
"ERR1201439","1__63944435__63974241","1",63944435,63974241,4,"HELA"
"ERR1201439","11__64024090__64034743","11",64024090,64034743,2,"HELA"
"ERR1201439","15__65771218__65772737","15",65771218,65772737,2,"HELA"
"ERR1201439","17__65941525__65972074","17",65941525,65972074,3,"HELA"
"ERR1201439","15__67524152__67529158","15",67524152,67529158,3,"HELA"
"ERR1201439","5__68938032__68941896","5",68938032,68941896,3,"HELA"
"ERR1201439","16__69184440__69187583","16",69184440,69187583,5,"HELA"
"ERR1201439","5__69497695__69499792","5",69497695,69499792,3,"HELA"
"ERR1201439","10__69751956__69785433","10",69751956,69785433,2,"HELA"
"ERR1201439","10__69785303__69804320","10",69785303,69804320,2,"HELA"
"ERR1201439","5__69209985__70087133","5",69209985,70087133,6,"HELA"
"ERR1201439","10__70227880__70229920","10",70227880,70229920,2,"HELA"
"ERR1201439","5__70294551__70297970","5",70294551,70297970,9,"HELA"
"ERR1201439","7__72469994__72470382","7",72469994,72470382,2,"HELA"
"ERR1201439","2__72958136__72960247","2",72958136,72960247,2,"HELA"
"ERR1201439","17__74308951__74309972","17",74308951,74309972,2,"HELA"
"ERR1201439","10__74468041__74475660","10",74468041,74475660,2,"HELA"
"ERR1201439","8__74585342__74652103","8",74585342,74652103,2,"HELA"
"ERR1201439","1__76253182__76255041","1",76253182,76255041,2,"HELA"
"ERR1201439","11__77330651__77336863","11",77330651,77336863,2,"HELA"
"ERR1201439","5__77805607__77806221","5",77805607,77806221,4,"HELA"
"ERR1201439","1__78107069__78107340","1",78107069,78107340,2,"HELA"
"ERR1201439","17__78109803__78112079","17",78109803,78112079,4,"HELA"
"ERR1201439","1__78268955__78272786","1",78268955,78272786,2,"HELA"
"ERR1201439","5__78734833__78752841","5",78734833,78752841,2,"HELA"
"ERR1201439","17__79477505__79478134","17",79477505,79478134,4,"HELA"
"ERR1201439","10__79739899__79740031","10",79739899,79740031,3,"HELA"
"ERR1201439","9__79952171__79986065","9",79952171,79986065,2,"HELA"
"ERR1201439","16__84773915__84779279","16",84773915,84779279,2,"HELA"
"ERR1201439","16__85667520__85667738","16",85667520,85667738,2,"HELA"
"ERR1201439","2__87270836__87282923","2",87270836,87282923,2,"HELA"
"ERR1201439","16__87448882__87452507","16",87448882,87452507,2,"HELA"
"ERR1201439","4__88005272__88012981","4",88005272,88012981,3,"HELA"
"ERR1201439","16__88008654__88017865","16",88008654,88017865,2,"HELA"
"ERR1201439","16__88052034__88071617","16",88052034,88071617,2,"HELA"
"ERR1201439","1__89237104__89270604","1",89237104,89270604,8,"HELA"
"ERR1201439","5__89791494__89802491","5",89791494,89802491,8,"HELA"
"ERR1201439","15__90431753__90432372","15",90431753,90432372,3,"HELA"
"ERR1201439","1__93159359__93170301","1",93159359,93170301,2,"HELA"
"ERR1201439","15__93540187__93541851","15",93540187,93541851,4,"HELA"
"ERR1201439","10__93754292__93768032","10",93754292,93768032,2,"HELA"
"ERR1201439","10__94215333__94216188","10",94215333,94216188,2,"HELA"
"ERR1201439","9__95018962__95032265","9",95018962,95032265,3,"HELA"
"ERR1201439","9__96097656__96098255","9",96097656,96098255,2,"HELA"
"ERR1201439","9__96233423__96238620","9",96233423,96238620,2,"HELA"
"ERR1201439","9__96233423__96261168","9",96233423,96261168,2,"HELA"
"ERR1201439","9__96277949__96278551","9",96277949,96278551,3,"HELA"
"ERR1201439","8__98698896__98703416","8",98698896,98703416,2,"HELA"
"ERR1201439","9__98740343__98766983","9",98740343,98766983,2,"HELA"
"ERR1201439","8__98817581__98837381","8",98817581,98837381,2,"HELA"
"ERR1201439","7__99621042__99621930","7",99621042,99621930,2,"HELA"
"ERR1201439","2__100078958__100081447","2",100078958,100081447,2,"HELA"
"ERR1201439","13__100909849__100925600","13",100909849,100925600,2,"HELA"
"ERR1201439","1__101372408__101387397","1",101372408,101387397,2,"HELA"
"ERR1201439","10__101421203__101462430","10",101421203,101462430,2,"HELA"
"ERR1201439","14__102514853__102515006","14",102514853,102515006,2,"HELA"
"ERR1201439","4__103225474__103236987","4",103225474,103236987,2,"HELA"
"ERR1201439","10__103427643__103436193","10",103427643,103436193,3,"HELA"
"ERR1201439","10__103432672__103436193","10",103432672,103436193,6,"HELA"
"ERR1201439","14__103465902__103478525","14",103465902,103478525,2,"HELA"
"ERR1201439","10__105371338__105452814","10",105371338,105452814,2,"HELA"
"ERR1201439","X__106331666__106332069","X",106331666,106332069,2,"HELA"
"ERR1201439","2__106739426__106782539","2",106739426,106782539,2,"HELA"
"ERR1201439","2__106774514__106782539","2",106774514,106782539,3,"HELA"
"ERR1201439","3__107776324__107790029","3",107776324,107790029,2,"HELA"
"ERR1201439","6__108202353__108204350","6",108202353,108204350,2,"HELA"
"ERR1201439","2__109388157__109389502","2",109388157,109389502,2,"HELA"
"ERR1201439","7__111127294__111161505","7",111127294,111161505,3,"HELA"
"ERR1201439","2__111423840__111431942","2",111423840,111431942,2,"HELA"
"ERR1201439","9__111843119__111849622","9",111843119,111849622,2,"HELA"
"ERR1201439","10__112356156__112358048","10",112356156,112358048,2,"HELA"
"ERR1201439","12__116534474__116549317","12",116534474,116549317,2,"HELA"
"ERR1201439","8__116599228__116635985","8",116599228,116635985,3,"HELA"
"ERR1201439","1__117944808__117963271","1",117944808,117963271,3,"HELA"
"ERR1201439","1__117944808__117984947","1",117944808,117984947,2,"HELA"
"ERR1201439","1__117944808__118009049","1",117944808,118009049,2,"HELA"
"ERR1201439","11__120276827__120278532","11",120276827,120278532,5,"HELA"
"ERR1201439","12__120592774__120593523","12",120592774,120593523,6,"HELA"
"ERR1201439","12__120636357__120636803","12",120636357,120636803,2,"HELA"
"ERR1201439","4__122591109__122602916","4",122591109,122602916,5,"HELA"
"ERR1201439","3__122808015__122811289","3",122808015,122811289,2,"HELA"
"ERR1201439","12__124904503__124915333","12",124904503,124915333,2,"HELA"
"ERR1201439","3__125032152__125050082","3",125032152,125050082,2,"HELA"
"ERR1201439","9__125047448__125054119","9",125047448,125054119,2,"HELA"
"ERR1201439","10__126395205__126395456","10",126395205,126395456,5,"HELA"
"ERR1201439","9__128099297__128099870","9",128099297,128099870,2,"HELA"
"ERR1201439","8__128867401__128903244","8",128867401,128903244,2,"HELA"
"ERR1201439","8__128902835__128903244","8",128902835,128903244,8,"HELA"
"ERR1201439","2__128922304__128928858","2",128922304,128928858,2,"HELA"
"ERR1201439","X__130917915__130919286","X",130917915,130919286,3,"HELA"
"ERR1201439","X__130890639__130928143","X",130890639,130928143,2,"HELA"
"ERR1201439","X__130883334__130928494","X",130883334,130928494,7,"HELA"
"ERR1201439","X__130917915__130928494","X",130917915,130928494,5,"HELA"
"ERR1201439","X__130928325__130928494","X",130928325,130928494,2,"HELA"
"ERR1201439","9__133352258__133370410","9",133352258,133370410,2,"HELA"
"ERR1201439","3__133894453__133914026","3",133894453,133914026,3,"HELA"
"ERR1201439","9__134312007__134314448","9",134312007,134314448,2,"HELA"
"ERR1201439","9__134314376__134349111","9",134314376,134349111,2,"HELA"
"ERR1201439","8__134478137__134511432","8",134478137,134511432,2,"HELA"
"ERR1201439","X__135095508__135112321","X",135095508,135112321,4,"HELA"
"ERR1201439","7__135262544__135277940","7",135262544,135277940,2,"HELA"
"ERR1201439","9__136277419__136278041","9",136277419,136278041,3,"HELA"
"ERR1201439","5__137320946__137324004","5",137320946,137324004,7,"HELA"
"ERR1201439","9__137593017__137593179","9",137593017,137593179,2,"HELA"
"ERR1201439","9__138741983__138774924","9",138741983,138774924,3,"HELA"
"ERR1201439","9__138773479__138774924","9",138773479,138774924,3,"HELA"
"ERR1201439","7__138921751__138954269","7",138921751,138954269,2,"HELA"
"ERR1201439","8__141856359__141900868","8",141856359,141900868,3,"HELA"
"ERR1201439","8__141889570__141900868","8",141889570,141900868,2,"HELA"
"ERR1201439","4__144464662__144465125","4",144464662,144465125,5,"HELA"
"ERR1201439","8__145151027__145152037","8",145151027,145152037,2,"HELA"
"ERR1201439","1__145314904__145323705","1",145314904,145323705,3,"HELA"
"ERR1201439","1__145355187__145359187","1",145355187,145359187,3,"HELA"
"ERR1201439","1__145327493__145367822","1",145327493,145367822,6,"HELA"
"ERR1201439","1__145769408__145771730","1",145769408,145771730,2,"HELA"
"ERR1201439","7__150936482__150939318","7",150936482,150939318,2,"HELA"
"ERR1201439","2__152299773__152326378","2",152299773,152326378,2,"HELA"
"ERR1201439","4__153332455__153333681","4",153332455,153333681,3,"HELA"
"ERR1201439","X__153580549__153588273","X",153580549,153588273,5,"HELA"
"ERR1201439","1__153738951__153744916","1",153738951,153744916,5,"HELA"
"ERR1201439","1__154303291__154316044","1",154303291,154316044,2,"HELA"
"ERR1201439","1__155408118__155408859","1",155408118,155408859,2,"HELA"
"ERR1201439","7__155465561__155473602","7",155465561,155473602,2,"HELA"
"ERR1201439","1__155646339__155649303","1",155646339,155649303,2,"HELA"
"ERR1201439","3__157839892__157841780","3",157839892,157841780,3,"HELA"
"ERR1201439","1__161159538__161163178","1",161159538,161163178,2,"HELA"
"ERR1201439","6__165826989__165832265","6",165826989,165832265,2,"HELA"
"ERR1201439","1__165859441__165865569","1",165859441,165865569,2,"HELA"
"ERR1201439","5__167915607__167921655","5",167915607,167921655,2,"HELA"
"ERR1201439","5__167937586__167945067","5",167937586,167945067,3,"HELA"
"ERR1201439","5__170818309__170819982","5",170818309,170819982,2,"HELA"
"ERR1201439","3__171758344__171851336","3",171758344,171851336,4,"HELA"
"ERR1201439","1__173726115__173735428","1",173726115,173735428,2,"HELA"
"ERR1201439","1__173726115__173744981","1",173726115,173744981,2,"HELA"
"ERR1201439","1__173833395__173835032","1",173833395,173835032,2,"HELA"
"ERR1201439","5__179136874__179146782","5",179136874,179146782,2,"HELA"
"ERR1201439","1__179956375__180023637","1",179956375,180023637,4,"HELA"
"ERR1201439","5__180666487__180666582","5",180666487,180666582,2,"HELA"
"ERR1201439","5__180664609__180670906","5",180664609,180670906,5,"HELA"
"ERR1201439","3__190321917__190326970","3",190321917,190326970,4,"HELA"
"ERR1201439","3__196807922__196846401","3",196807922,196846401,2,"HELA"
"ERR1201439","1__201970504__201972589","1",201970504,201972589,2,"HELA"
"ERR1201439","1__213341201__213349835","1",213341201,213349835,3,"HELA"
"ERR1201439","2__230662406__230744844","2",230662406,230744844,2,"HELA"
"ERR1201439","2__234296903__234299129","2",234296903,234299129,3,"HELA"
"ERR1201439","2__242346952__242352836","2",242346952,242352836,5,"HELA"
"ERR1201439","1__246711847__246720023","1",246711847,246720023,2,"HELA"
"ERR1201439","1__247318868__247323115","1",247318868,247323115,14,"HELA"
"ERR1201439","1__247320302__247323115","1",247320302,247323115,2,"HELA"
"ERR1201440","12__1003728__1003801","12",1003728,1003801,4,"HELA"
"ERR1201440","1__1586823__1650894","1",1586823,1650894,11,"HELA"
"ERR1201440","16__2155323__2156305","16",2155323,2156305,2,"HELA"
"ERR1201440","6__4891947__4892613","6",4891947,4892613,3,"HELA"
"ERR1201440","19__5604594__5616497","19",5604594,5616497,2,"HELA"
"ERR1201440","17__7475602__7481234","17",7475602,7481234,4,"HELA"
"ERR1201440","17__7849046__7849304","17",7849046,7849304,2,"HELA"
"ERR1201440","1__12016974__12018000","1",12016974,12018000,2,"HELA"
"ERR1201440","17__15965419__16055312","17",15965419,16055312,2,"HELA"
"ERR1201440","7__16720926__16729531","7",16720926,16729531,2,"HELA"
"ERR1201440","17__18128936__18141923","17",18128936,18141923,2,"HELA"
"ERR1201440","6__18256592__18258636","6",18256592,18258636,4,"HELA"
"ERR1201440","19__18650181__18650530","19",18650181,18650530,2,"HELA"
"ERR1201440","19__19756683__19763529","19",19756683,19763529,2,"HELA"
"ERR1201440","1__22174451__22199253","1",22174451,22199253,2,"HELA"
"ERR1201440","22__25853226__25855482","22",25853226,25855482,2,"HELA"
"ERR1201440","7__26233195__26233278","7",26233195,26233278,2,"HELA"
"ERR1201440","22__29784413__29819177","22",29784413,29819177,2,"HELA"
"ERR1201440","16__31193834__31193985","16",31193834,31193985,2,"HELA"
"ERR1201440","14__32559708__32621734","14",32559708,32621734,2,"HELA"
"ERR1201440","2__32688262__32756618","2",32688262,32756618,3,"HELA"
"ERR1201440","21__33723013__33723231","21",33723013,33723231,2,"HELA"
"ERR1201440","9__33971649__33973235","9",33971649,33973235,5,"HELA"
"ERR1201440","17__35376304__35414171","17",35376304,35414171,3,"HELA"
"ERR1201440","17__35506788__35545420","17",35506788,35545420,3,"HELA"
"ERR1201440","9__35657752__35658017","9",35657752,35658017,3,"HELA"
"ERR1201440","22__36712562__36714370","22",36712562,36714370,2,"HELA"
"ERR1201440","17__38635926__38643712","17",38635926,38643712,2,"HELA"
"ERR1201440","15__39881403__39885869","15",39881403,39885869,3,"HELA"
"ERR1201440","15__40289165__40300396","15",40289165,40300396,2,"HELA"
"ERR1201440","X__41029723__41077850","X",41029723,41077850,3,"HELA"
"ERR1201440","20__42310424__42320959","20",42310424,42320959,2,"HELA"
"ERR1201440","22__42910112__42970824","22",42910112,42970824,2,"HELA"
"ERR1201440","1__47834141__47840965","1",47834141,47840965,2,"HELA"
"ERR1201440","17__48271491__48275566","17",48271491,48275566,3,"HELA"
"ERR1201440","12__49423184__49449107","12",49423184,49449107,5,"HELA"
"ERR1201440","19__50183397__50189500","19",50183397,50189500,3,"HELA"
"ERR1201440","12__52369049__52385777","12",52369049,52385777,2,"HELA"
"ERR1201440","7__56049903__56051561","7",56049903,56051561,2,"HELA"
"ERR1201440","16__56904008__56916409","16",56904008,56916409,4,"HELA"
"ERR1201440","4__57316785__57319927","4",57316785,57319927,2,"HELA"
"ERR1201440","17__62130140__62133308","17",62130140,62133308,2,"HELA"
"ERR1201440","8__62593527__62596747","8",62593527,62596747,2,"HELA"
"ERR1201440","16__67912069__67914119","16",67912069,67914119,2,"HELA"
"ERR1201440","16__69184440__69187583","16",69184440,69187583,2,"HELA"
"ERR1201440","5__70294551__70297970","5",70294551,70297970,2,"HELA"
"ERR1201440","17__74308951__74309972","17",74308951,74309972,2,"HELA"
"ERR1201440","1__76255637__76257256","1",76255637,76257256,2,"HELA"
"ERR1201440","5__76745585__76760634","5",76745585,76760634,2,"HELA"
"ERR1201440","11__82984690__82991303","11",82984690,82991303,2,"HELA"
"ERR1201440","1__89237104__89270604","1",89237104,89270604,2,"HELA"
"ERR1201440","5__89791494__89802491","5",89791494,89802491,5,"HELA"
"ERR1201440","10__93841077__93841258","10",93841077,93841258,2,"HELA"
"ERR1201440","1__94341824__94343418","1",94341824,94343418,2,"HELA"
"ERR1201440","7__98528256__98529288","7",98528256,98529288,2,"HELA"
"ERR1201440","10__105371338__105420872","10",105371338,105420872,2,"HELA"
"ERR1201440","11__106849345__106856857","11",106849345,106856857,2,"HELA"
"ERR1201440","1__117944808__117963271","1",117944808,117963271,3,"HELA"
"ERR1201440","1__117944808__118009049","1",117944808,118009049,2,"HELA"
"ERR1201440","12__123983091__123984083","12",123983091,123984083,2,"HELA"
"ERR1201440","3__127980971__127983624","3",127980971,127983624,2,"HELA"
"ERR1201440","8__128806779__128903244","8",128806779,128903244,2,"HELA"
"ERR1201440","5__137320946__137324004","5",137320946,137324004,2,"HELA"
"ERR1201440","1__145314904__145323705","1",145314904,145323705,4,"HELA"
"ERR1201440","1__145355187__145359187","1",145355187,145359187,3,"HELA"
"ERR1201440","1__145327493__145367822","1",145327493,145367822,5,"HELA"
"ERR1201440","8__145535191__145535287","8",145535191,145535287,4,"HELA"
"ERR1201440","1__153738951__153744916","1",153738951,153744916,2,"HELA"
"ERR1201440","X__153760403__153775233","X",153760403,153775233,3,"HELA"
"ERR1201440","5__179132680__179136060","5",179132680,179136060,2,"HELA"
"ERR1201440","1__179956375__180023637","1",179956375,180023637,3,"HELA"
"ERR1201440","2__225360549__225379489","2",225360549,225379489,2,"HELA"
"ERR1201440","2__232320112__232320192","2",232320112,232320192,4,"HELA"
"ERR1201440","2__234346023__234346125","2",234346023,234346125,2,"HELA"
"ERR1201440","2__242343243__242344256","2",242343243,242344256,2,"HELA"
"ERR1201440","1__247318868__247323115","1",247318868,247323115,6,"HELA"
"ERR1201442","19__6230581__6270770","19",6230581,6270770,2,"HELA"
"ERR1201442","14__20811437__20811492","14",20811437,20811492,2,"HELA"
"ERR1201442","1__22200899__22201026","1",22200899,22201026,2,"HELA"
"ERR1201442","17__35376304__35414171","17",35376304,35414171,2,"HELA"
"ERR1201442","9__35657752__35658017","9",35657752,35658017,6,"HELA"
"ERR1201442","X__41029723__41077850","X",41029723,41077850,3,"HELA"
"ERR1201442","22__42910112__42970824","22",42910112,42970824,2,"HELA"
"ERR1201442","22__42912017__42973104","22",42912017,42973104,2,"HELA"
"ERR1201442","1__44442262__44443967","1",44442262,44443967,2,"HELA"
"ERR1201442","21__45165960__45168961","21",45165960,45168961,2,"HELA"
"ERR1201442","1__46661483__46662521","1",46661483,46662521,2,"HELA"
"ERR1201442","8__48769717__48872743","8",48769717,48872743,2,"HELA"
"ERR1201442","3__49094295__49095323","3",49094295,49095323,2,"HELA"
"ERR1201442","7__56049903__56051561","7",56049903,56051561,3,"HELA"
"ERR1201442","17__80861281__80869665","17",80861281,80869665,2,"HELA"
"ERR1201442","7__92932772__92963509","7",92932772,92963509,2,"HELA"
"ERR1201442","3__122842913__122869211","3",122842913,122869211,2,"HELA"
"ERR1201442","9__131742885__131764008","9",131742885,131764008,7,"HELA"
"ERR1201442","7__140476712__140534672","7",140476712,140534672,2,"HELA"
"ERR1201442","8__145535191__145535287","8",145535191,145535287,3,"HELA"
"ERR1201442","8__145618446__145624592","8",145618446,145624592,2,"HELA"
"ERR1201442","X__149983335__149984551","X",149983335,149984551,2,"HELA"
"ERR1201442","3__190321917__190326970","3",190321917,190326970,2,"HELA"
"ERR1201442","1__247318868__247323115","1",247318868,247323115,4,"HELA"
"ERR1201444","5__878470__891969","5",878470,891969,2,"HELA"
"ERR1201444","1__1586823__1650894","1",1586823,1650894,12,"HELA"
"ERR1201444","16__2155323__2156305","16",2155323,2156305,2,"HELA"
"ERR1201444","16__2809570__2809662","16",2809570,2809662,2,"HELA"
"ERR1201444","4__3205734__3224214","4",3205734,3224214,2,"HELA"
"ERR1201444","19__3425104__3435205","19",3425104,3435205,2,"HELA"
"ERR1201444","19__3660964__3661999","19",3660964,3661999,2,"HELA"
"ERR1201444","16__3725325__3739138","16",3725325,3739138,2,"HELA"
"ERR1201444","11__9309249__9316934","11",9309249,9316934,2,"HELA"
"ERR1201444","19__10930656__10934575","19",10930656,10934575,2,"HELA"
"ERR1201444","17__15965419__16055312","17",15965419,16055312,2,"HELA"
"ERR1201444","6__18256592__18258636","6",18256592,18258636,3,"HELA"
"ERR1201444","22__19483504__19496214","22",19483504,19496214,2,"HELA"
"ERR1201444","1__21415631__21437876","1",21415631,21437876,2,"HELA"
"ERR1201444","6__26124710__26217451","6",26124710,26217451,3,"HELA"
"ERR1201444","22__29784413__29819177","22",29784413,29819177,4,"HELA"
"ERR1201444","17__35376304__35414171","17",35376304,35414171,2,"HELA"
"ERR1201444","6__35425333__35426217","6",35425333,35426217,2,"HELA"
"ERR1201444","9__35657752__35658017","9",35657752,35658017,5,"HELA"
"ERR1201444","22__42910112__42970824","22",42910112,42970824,4,"HELA"
"ERR1201444","22__42912017__42973104","22",42912017,42973104,4,"HELA"
"ERR1201444","21__45165960__45168961","21",45165960,45168961,2,"HELA"
"ERR1201444","17__48266529__48271402","17",48266529,48271402,2,"HELA"
"ERR1201444","3__48624623__48624769","3",48624623,48624769,2,"HELA"
"ERR1201444","3__49094295__49095323","3",49094295,49095323,2,"HELA"
"ERR1201444","16__56904008__56916409","16",56904008,56916409,2,"HELA"
"ERR1201444","12__56995330__57007922","12",56995330,57007922,2,"HELA"
"ERR1201444","17__74308951__74309972","17",74308951,74309972,2,"HELA"
"ERR1201444","15__94841430__94841959","15",94841430,94841959,2,"HELA"
"ERR1201444","4__108603171__108622441","4",108603171,108622441,2,"HELA"
"ERR1201444","1__116927405__116939356","1",116927405,116939356,2,"HELA"
"ERR1201444","8__129021836__129022690","8",129021836,129022690,2,"HELA"
"ERR1201444","9__131360679__131367756","9",131360679,131367756,2,"HELA"
"ERR1201444","9__131742885__131764008","9",131742885,131764008,2,"HELA"
"ERR1201444","7__140476712__140534672","7",140476712,140534672,2,"HELA"
"ERR1201444","1__145314904__145323705","1",145314904,145323705,6,"HELA"
"ERR1201444","1__145355187__145359187","1",145355187,145359187,2,"HELA"
"ERR1201444","1__145327493__145367822","1",145327493,145367822,2,"HELA"
"ERR1201444","8__145535191__145535287","8",145535191,145535287,6,"HELA"
"ERR1201444","X__153580549__153588273","X",153580549,153588273,2,"HELA"
"ERR1201444","1__160188114__160213824","1",160188114,160213824,2,"HELA"
"ERR1201444","5__180666487__180666582","5",180666487,180666582,2,"HELA"
"ERR1201444","3__190321917__190326970","3",190321917,190326970,2,"HELA"
"ERR1201444","1__247322308__247323115","1",247322308,247323115,2,"HELA"
"ERR1201445","16__354304__364683","16",354304,364683,2,"HELA"
"ERR1201445","5__878470__891969","5",878470,891969,2,"HELA"
"ERR1201445","1__1430865__1464711","1",1430865,1464711,2,"HELA"
"ERR1201445","1__1586823__1650894","1",1586823,1650894,7,"HELA"
"ERR1201445","16__2155323__2156305","16",2155323,2156305,5,"HELA"
"ERR1201445","16__3708038__3721792","16",3708038,3721792,2,"HELA"
"ERR1201445","16__3725325__3739138","16",3725325,3739138,5,"HELA"
"ERR1201445","8__17827086__17830196","8",17827086,17830196,2,"HELA"
"ERR1201445","6__18256592__18258636","6",18256592,18258636,3,"HELA"
"ERR1201445","9__33960824__33963789","9",33960824,33963789,2,"HELA"
"ERR1201445","9__33971649__33973235","9",33971649,33973235,2,"HELA"
"ERR1201445","9__35657752__35658017","9",35657752,35658017,8,"HELA"
"ERR1201445","22__38894445__38897285","22",38894445,38897285,2,"HELA"
"ERR1201445","17__42957922__42960526","17",42957922,42960526,3,"HELA"
"ERR1201445","22__42910112__42970824","22",42910112,42970824,3,"HELA"
"ERR1201445","22__42912017__42973104","22",42912017,42973104,7,"HELA"
"ERR1201445","5__43294793__43299077","5",43294793,43299077,2,"HELA"
"ERR1201445","7__44026200__44027487","7",44026200,44027487,2,"HELA"
"ERR1201445","15__44620883__44624276","15",44620883,44624276,2,"HELA"
"ERR1201445","19__46341719__46341873","19",46341719,46341873,2,"HELA"
"ERR1201445","X__47058879__47074527","X",47058879,47074527,2,"HELA"
"ERR1201445","11__47647226__47648679","11",47647226,47648679,2,"HELA"
"ERR1201445","X__48460172__48460594","X",48460172,48460594,3,"HELA"
"ERR1201445","8__48769717__48872743","8",48769717,48872743,2,"HELA"
"ERR1201445","3__49734576__49735372","3",49734576,49735372,2,"HELA"
"ERR1201445","22__50898701__50905877","22",50898701,50905877,2,"HELA"
"ERR1201445","16__56904008__56916409","16",56904008,56916409,2,"HELA"
"ERR1201445","5__70297525__70297970","5",70297525,70297970,2,"HELA"
"ERR1201445","17__76688499__76695050","17",76688499,76695050,2,"HELA"
"ERR1201445","5__77385217__77409747","5",77385217,77409747,2,"HELA"
"ERR1201445","14__90730385__90738966","14",90730385,90738966,2,"HELA"
"ERR1201445","12__112572542__112590303","12",112572542,112590303,2,"HELA"
"ERR1201445","12__120592774__120593523","12",120592774,120593523,2,"HELA"
"ERR1201445","3__122842913__122869211","3",122842913,122869211,2,"HELA"
"ERR1201445","7__140476712__140534672","7",140476712,140534672,2,"HELA"
"ERR1201445","1__145355187__145359187","1",145355187,145359187,4,"HELA"
"ERR1201445","1__145327493__145367822","1",145327493,145367822,3,"HELA"
"ERR1201445","8__145535191__145535287","8",145535191,145535287,2,"HELA"
"ERR1201445","5__170819714__170837888","5",170819714,170837888,2,"HELA"
"ERR1201446","1__22174451__22199253","1",22174451,22199253,2,"HELA"
"ERR1201446","22__42912017__42973104","22",42912017,42973104,2,"HELA"
"ERR1201446","15__91136868__91188577","15",91136868,91188577,2,"HELA"
"ERR1201446","1__145314904__145323705","1",145314904,145323705,3,"HELA"
"ERR1201446","5__179132680__179136060","5",179132680,179136060,2,"HELA"
"SRR1594092","10__7838084__7844817","10",7838084,7844817,2,"HELA"
"SRR1594092","6__18256592__18258636","6",18256592,18258636,3,"HELA"
"SRR1594092","6__26158780__26184405","6",26158780,26184405,2,"HELA"
"SRR1594092","20__33867745__33868632","20",33867745,33868632,2,"HELA"
"SRR1594092","22__42912017__42973104","22",42912017,42973104,2,"HELA"
"SRR1594092","4__57316785__57319927","4",57316785,57319927,2,"HELA"
"SRR1594092","13__99536067__99537346","13",99536067,99537346,2,"HELA"
"SRR1594092","6__106727536__106756366","6",106727536,106756366,2,"HELA"
"SRR1594092","5__179132680__179136060","5",179132680,179136060,2,"HELA"
"SRR1594093","17__37006615__37006728","17",37006615,37006728,2,"HELA"
"SRR1594093","3__129297172__129303076","3",129297172,129303076,2,"HELA"
