"Chr","Start","End","Chimeric.out.junction","index","count"
"chr8_gl000196_random",12892,27060,1,"8_gl000196_random__12892__27060",1
"chrUn_gl000214",51172,52945,1,"Un_gl000214__51172__52945",1
"chr7_gl000195_random",150405,156002,2,"7_gl000195_random__150405__156002",2
"chr19",311845,313643,2,"19__311845__313643",2
"chr5",647920,655699,3,"5__647920__655699",3
"chr5",663531,665440,1,"5__663531__665440",1
"chr1",741179,745550,2,"1__741179__745550",2
"chr17",850024,851114,1,"17__850024__851114",1
"chr10",882343,890995,4,"10__882343__890995",4
"chr19",900061,902434,1,"19__900061__902434",1
"chr10",882343,931700,1,"10__882343__931700",1
"chr10",888872,931700,1,"10__888872__931700",1
"chr10",909683,931700,3,"10__909683__931700",3
"chr10",930387,931700,1,"10__930387__931700",1
"chr10",882343,937291,1,"10__882343__937291",1
"chr10",909683,949456,2,"10__909683__949456",2
"chr5",1085347,1094363,2,"5__1085347__1094363",2
"chr17",1183608,1196207,1,"17__1183608__1196207",1
"chr5",1212418,1221971,1,"5__1212418__1221971",1
"chr4",1245968,1246069,1,"4__1245968__1246069",1
"chr5",1432579,1443357,2,"5__1432579__1443357",2
"chrX",1508384,1508509,3,"X__1508384__1508509",3
"chr2",1637729,1643194,1,"2__1637729__1643194",1
"chr2",1647140,1653447,1,"2__1647140__1653447",1
"chr17",1746097,1747980,5,"17__1746097__1747980",5
"chr17",1746097,1748360,1,"17__1746097__1748360",1
"chr6_qbl_hap6",1749544,1750123,1,"6_qbl_hap6__1749544__1750123",1
"chr17",1746097,1756483,9,"17__1746097__1756483",9
"chr17",1778955,1787238,2,"17__1778955__1787238",2
"chr5",1814453,1949375,1,"5__1814453__1949375",1
"chr6",2094857,2095445,3,"6__2094857__2095445",3
"chr20",2097312,2098061,1,"20__2097312__2098061",1
"chr19",2189731,2194576,1,"19__2189731__2194576",1
"chr19",2191029,2194576,1,"19__2191029__2194576",1
"chr17",2186919,2196271,1,"17__2186919__2196271",1
"chrX",2184781,2209644,1,"X__2184781__2209644",1
"chr1",2234417,2236024,2,"1__2234417__2236024",2
"chr1",2234417,2238395,3,"1__2234417__2238395",3
"chrY",2111064,2293345,1,"Y__2111064__2293345",1
"chrY",2276786,2293345,1,"Y__2276786__2293345",1
"chr17",2297337,2298748,2,"17__2297337__2298748",2
"chr19",2324124,2326138,1,"19__2324124__2326138",1
"chr19",2429816,2429920,1,"19__2429816__2429920",1
"chr7",2477439,2483381,1,"7__2477439__2483381",1
"chr18",2585112,2590161,1,"18__2585112__2590161",1
"chr16",2666601,2668891,1,"16__2666601__2668891",1
"chr16",2683740,2692490,3,"16__2683740__2692490",3
"chr16",2683740,2694080,1,"16__2683740__2694080",1
"chr19",2715924,2716017,1,"19__2715924__2716017",1
"chr4",3088666,3109150,5,"4__3088666__3109150",5
"chr19",3110147,3115070,1,"19__3110147__3115070",1
"chr4",3088666,3138053,1,"4__3088666__3138053",1
"chr4",3188324,3190820,1,"4__3188324__3190820",1
"chr19",3515894,3517787,3,"19__3515894__3517787",3
"chr7",3645273,3681737,1,"7__3645273__3681737",1
"chr7",3658712,3681737,3,"7__3658712__3681737",3
"chr7",3678636,3681737,1,"7__3678636__3681737",1
"chr1",3698076,3700702,1,"1__3698076__3700702",1
"chr1",3698076,3701767,1,"1__3698076__3701767",1
"chr7",3658712,3861215,1,"7__3658712__3861215",1
"chr2",3993530,3993681,1,"2__3993530__3993681",1
"chr16",4029117,4033441,3,"16__4029117__4033441",3
"chr19",4035990,4036659,1,"19__4035990__4036659",1
"chr16",4038995,4043511,1,"16__4038995__4043511",1
"chr19",4110507,4117627,1,"19__4110507__4117627",1
"chr9",4178389,4183684,1,"9__4178389__4183684",1
"chr17",4186093,4192703,1,"17__4186093__4192703",1
"chr17",4186093,4200109,6,"17__4186093__4200109",6
"chr17",4192525,4200109,3,"17__4192525__4200109",3
"chr17",4186093,4210418,3,"17__4186093__4210418",3
"chr16",4311780,4312702,4,"16__4311780__4312702",4
"chr16",4382216,4383520,3,"16__4382216__4383520",3
"chr4",4458918,4473433,1,"4__4458918__4473433",1
"chr19",4702039,4702728,1,"19__4702039__4702728",1
"chr9",4823548,4827033,4,"9__4823548__4827033",4
"chr9",4823548,4833228,1,"9__4823548__4833228",1
"chr6",4903893,4904037,1,"6__4903893__4904037",1
"chr7",5363845,5372680,1,"7__5363845__5372680",1
"chr17",5378030,5388533,1,"17__5378030__5388533",1
"chr7",5413686,5417655,1,"7__5413686__5417655",1
"chr5",5436531,5448010,1,"5__5436531__5448010",1
"chr5",5440002,5454751,1,"5__5440002__5454751",1
"chr5",5447954,5469101,1,"5__5447954__5469101",1
"chr19",5604594,5604947,8,"19__5604594__5604947",8
"chr12",5669856,5687684,1,"12__5669856__5687684",1
"chr7",5756454,5759294,1,"7__5756454__5759294",1
"chr11",5817704,5825099,1,"11__5817704__5825099",1
"chr12",5848483,5860136,1,"12__5848483__5860136",1
"chr12",5744318,5898251,1,"12__5744318__5898251",1
"chr7",5939915,5940563,1,"7__5939915__5940563",1
"chr7",5949666,5952585,1,"7__5949666__5952585",1
"chr7",6011402,6011535,1,"7__6011402__6011535",1
"chr7",6054777,6054983,1,"7__6054777__6054983",1
"chr7",6054777,6057676,1,"7__6054777__6057676",1
"chr19",6230581,6270770,6,"19__6230581__6270770",6
"chr19",6262239,6270770,1,"19__6262239__6270770",1
"chr8",6312664,6357450,2,"8__6312664__6357450",2
"chr8",6478975,6483636,2,"8__6478975__6483636",2
"chr7",6505751,6505876,2,"7__6505751__6505876",2
"chr19",6537288,6537402,1,"19__6537288__6537402",1
"chr12",6619445,6619698,1,"12__6619445__6619698",1
"chr12",6687719,6692135,1,"12__6687719__6692135",1
"chr6",7303783,7310262,2,"6__7303783__7310262",2
"chrX",7432923,7434331,1,"X__7432923__7434331",1
"chr17",7747060,7748774,1,"17__7747060__7748774",1
"chr1",7837220,7838229,7,"1__7837220__7838229",7
"chr7",7826419,7841374,4,"7__7826419__7841374",4
"chr7",7916912,7923977,2,"7__7916912__7923977",2
"chr20",7976673,7990962,1,"20__7976673__7990962",1
"chr7",8043538,8099878,3,"7__8043538__8099878",3
"chr7",8043538,8110761,3,"7__8043538__8110761",3
"chr7",8095063,8110761,1,"7__8095063__8110761",1
"chr4",8176353,8176736,1,"4__8176353__8176736",1
"chrX",8499350,8507799,3,"X__8499350__8507799",3
"chr18",8624936,8638414,1,"18__8624936__8638414",1
"chr11",8643192,8646098,1,"11__8643192__8646098",1
"chr3",8932073,8944204,1,"3__8932073__8944204",1
"chr3",8940578,8955404,1,"3__8940578__8955404",1
"chr3",8977555,8983488,9,"3__8977555__8983488",9
"chr3",8977555,8990254,3,"3__8977555__8990254",3
"chr18",9117836,9124981,1,"18__9117836__9124981",1
"chr18",9117836,9124994,2,"18__9117836__9124994",2
"chr5",9136616,9190583,1,"5__9136616__9190583",1
"chr12",9400144,9409382,1,"12__9400144__9409382",1
"chr11",9424837,9435958,1,"11__9424837__9435958",1
"chr11",9430033,9438695,1,"11__9430033__9438695",1
"chr11",9451221,9452550,2,"11__9451221__9452550",2
"chr11",9455268,9463744,1,"11__9455268__9463744",1
"chr1",9627342,9633470,1,"1__9627342__9633470",1
"chr19",9635380,9635645,1,"19__9635380__9635645",1
"chr2",9721800,9725474,1,"2__9721800__9725474",1
"chr17",9757812,9783833,1,"17__9757812__9783833",1
"chr1",10032076,10041228,2,"1__10032076__10041228",2
"chr4",10099335,10105610,1,"4__10099335__10105610",1
"chr3",10168273,10168580,1,"3__10168273__10168580",1
"chr2",10267002,10267347,1,"2__10267002__10267347",1
"chr2",10281981,10282502,1,"2__10281981__10282502",1
"chr2",10281981,10338896,1,"2__10281981__10338896",1
"chr20",10536879,10541468,2,"20__10536879__10541468",2
"chr5",10618445,10638280,1,"5__10618445__10638280",1
"chr6",10703638,10705077,2,"6__10703638__10705077",2
"chr18",11030552,11066221,1,"18__11030552__11066221",1
"chr1",11076180,11077064,1,"1__11076180__11077064",1
"chr6",11111817,11111920,2,"6__11111817__11111920",2
"chr21",11171979,11174002,1,"21__11171979__11174002",1
"chr19",11258494,11258789,2,"19__11258494__11258789",2
"chr12",11273609,11276786,1,"12__11273609__11276786",1
"chr12",11273609,11285966,1,"12__11273609__11285966",1
"chr1",11293455,11308151,2,"1__11293455__11308151",2
"chr1",11288725,11317222,1,"1__11288725__11317222",1
"chr2",11347852,11348573,1,"2__11347852__11348573",1
"chr2",11341083,11354589,1,"2__11341083__11354589",1
"chr2",11426665,11439396,1,"2__11426665__11439396",1
"chr10",11643344,11643979,1,"10__11643344__11643979",1
"chr19",11759173,11761232,1,"19__11759173__11761232",1
"chr19",11759173,11765226,1,"19__11759173__11765226",1
"chr10",11893996,11894214,7,"10__11893996__11894214",7
"chr6",12015759,12020651,1,"6__12015759__12020651",1
"chr10",12123471,12133683,4,"10__12123471__12133683",4
"chr10",12123471,12136270,2,"10__12123471__12136270",2
"chr10",12123471,12143180,1,"10__12123471__12143180",1
"chr10",12123471,12155063,1,"10__12123471__12155063",1
"chr10",12148245,12155063,1,"10__12148245__12155063",1
"chr10",12136072,12162266,2,"10__12136072__12162266",2
"chr10",12160748,12162266,1,"10__12160748__12162266",1
"chr10",12207499,12207762,1,"10__12207499__12207762",1
"chr18",12358669,12360050,1,"18__12358669__12360050",1
"chr18",12370848,12371690,1,"18__12370848__12371690",1
"chr10",12515580,12515809,1,"10__12515580__12515809",1
"chr11",12696956,12785981,3,"11__12696956__12785981",3
"chr11",12697014,12785981,1,"11__12697014__12785981",1
"chr11",12785726,12785981,9,"11__12785726__12785981",9
"chr11",12785726,12816914,1,"11__12785726__12816914",1
"chr19",12907640,12907796,1,"19__12907640__12907796",1
"chr19",13064954,13065340,2,"19__13064954__13065340",2
"chr4",13570993,13571419,2,"4__13570993__13571419",2
"chrX",13684436,13686502,3,"X__13684436__13686502",3
"chrX",13785803,13785892,1,"X__13785803__13785892",1
"chr5",14601074,14602441,1,"5__14601074__14602441",1
"chr5",14673751,14681716,8,"5__14673751__14681716",8
"chr5",14673751,14681733,3,"5__14673751__14681733",3
"chr5",14696383,14696815,2,"5__14696383__14696815",2
"chr5",14741936,14758707,1,"5__14741936__14758707",1
"chr10",14934488,14934596,1,"10__14934488__14934596",1
"chr3",15000664,15017612,1,"3__15000664__15017612",1
"chrX",15793369,15794992,1,"X__15793369__15794992",1
"chr5",16779654,16780717,3,"5__16779654__16780717",3
"chr19",16790795,16793319,1,"19__16790795__16793319",1
"chrX",16836697,16838378,1,"X__16836697__16838378",1
"chr16",17228330,17235226,1,"16__17228330__17235226",1
"chr10",17271340,17271531,1,"10__17271340__17271531",1
"chr19",17338649,17339118,1,"19__17338649__17339118",1
"chr16",17352845,17353355,2,"16__17352845__17353355",2
"chrX",17495269,17495443,1,"X__17495269__17495443",1
"chr9",17604595,17605447,2,"9__17604595__17605447",2
"chr6",17642006,17645238,1,"6__17642006__17645238",1
"chr19",17670120,17671274,1,"19__17670120__17671274",1
"chr10",17728665,17729131,1,"10__17728665__17729131",1
"chr8",17843880,17844088,1,"8__17843880__17844088",1
"chr4",17875011,17879836,4,"4__17875011__17879836",4
"chr17",18219315,18219445,1,"17__18219315__18219445",1
"chr19",18221462,18245521,1,"19__18221462__18245521",1
"chr19",18258253,18258434,2,"19__18258253__18258434",2
"chr17",18482971,18483924,1,"17__18482971__18483924",1
"chr18",18533539,18622196,1,"18__18533539__18622196",1
"chr18",18625253,18629841,1,"18__18625253__18629841",1
"chr8",19084678,19104335,1,"8__19084678__19104335",1
"chr22",19126672,19127242,1,"22__19126672__19127242",1
"chr19",19453344,19454749,1,"19__19453344__19454749",1
"chr1",19510305,19514034,1,"1__19510305__19514034",1
"chr1",19513034,19514034,2,"1__19513034__19514034",2
"chr1",19523635,19528309,1,"1__19523635__19528309",1
"chr16",19717914,19722762,2,"16__19717914__19722762",2
"chr8",19805691,19811864,3,"8__19805691__19811864",3
"chrX",20143794,20144760,1,"X__20143794__20144760",1
"chr3",20113825,20156480,2,"3__20113825__20156480",2
"chr1",20220861,20234153,1,"1__20220861__20234153",1
"chr6",20539234,20539327,1,"6__20539234__20539327",1
"chr14",20811306,20811436,3,"14__20811306__20811436",3
"chr19",20975318,20976684,1,"19__20975318__20976684",1
"chr1",21102217,21102498,1,"1__21102217__21102498",1
"chr22",21288067,21288532,9,"22__21288067__21288532",9
"chr16",21326632,21328447,3,"16__21326632__21328447",3
"chr16",21327205,21328447,1,"16__21327205__21328447",1
"chr1",21391023,21393350,1,"1__21391023__21393350",1
"chr13",21442735,21473137,1,"13__21442735__21473137",1
"chr14",21825356,21829372,1,"14__21825356__21829372",1
"chr18",21921511,21946930,2,"18__21921511__21946930",2
"chr18",21946856,21957499,1,"18__21946856__21957499",1
"chr16",22360600,22361170,1,"16__22360600__22361170",1
"chr13",22729406,22730439,1,"13__22729406__22730439",1
"chr10",22896856,22898646,1,"10__22896856__22898646",1
"chr16",23098413,23119504,1,"16__23098413__23119504",1
"chr16",23113640,23119504,2,"16__23113640__23119504",2
"chr7",23400205,23401360,3,"7__23400205__23401360",3
"chr3",23497698,23498024,1,"3__23497698__23498024",1
"chr16",23592375,23598640,1,"16__23592375__23598640",1
"chr16",23592375,23602471,1,"16__23592375__23602471",1
"chr16",23625325,23637718,1,"16__23625325__23637718",1
"chr5",23976106,23988822,1,"5__23976106__23988822",1
"chr1",24028912,24029278,1,"1__24028912__24029278",1
"chrX",24075538,24075871,1,"X__24075538__24075871",1
"chrX",24080533,24086225,1,"X__24080533__24086225",1
"chrX",24080533,24095029,1,"X__24080533__24095029",1
"chr2",24299854,24299969,1,"2__24299854__24299969",1
"chrX",24558411,24562214,1,"X__24558411__24562214",1
"chr4",24570313,24572470,2,"4__24570313__24572470",2
"chrX",24750487,24761446,1,"X__24750487__24761446",1
"chrX",24763597,24767026,1,"X__24763597__24767026",1
"chrX",24828015,24833228,1,"X__24828015__24833228",1
"chrX",24828015,24839700,1,"X__24828015__24839700",1
"chr16",24838822,24841074,1,"16__24838822__24841074",1
"chrX",24828015,24844718,1,"X__24828015__24844718",1
"chrX",24828015,24861794,2,"X__24828015__24861794",2
"chrX",24833096,24861794,1,"X__24833096__24861794",1
"chrX",24839569,24861794,3,"X__24839569__24861794",3
"chrX",24858440,24861794,2,"X__24858440__24861794",2
"chr7",25181860,25219901,1,"7__25181860__25219901",1
"chr4",25315668,25317022,2,"4__25315668__25317022",2
"chr20",25612794,25626284,1,"20__25612794__25626284",1
"chr20",25614685,25626284,1,"20__25614685__25626284",1
"chr4",25834617,25836945,1,"4__25834617__25836945",1
"chr2",26022254,26029206,2,"2__26022254__26029206",2
"chr6",26056054,26056239,1,"6__26056054__26056239",1
"chr6",26119998,26121211,1,"6__26119998__26121211",1
"chr7",26211039,26214402,1,"7__26211039__26214402",1
"chr6",26264060,26264203,1,"6__26264060__26264203",1
"chr6",26493953,26494854,1,"6__26493953__26494854",1
"chr17",26449629,26499644,1,"17__26449629__26499644",1
"chr17",26490569,26499644,1,"17__26490569__26499644",1
"chr17",26459646,26523314,2,"17__26459646__26523314",2
"chr12",26703180,26714885,1,"12__26703180__26714885",1
"chr12",26703180,26755639,1,"12__26703180__26755639",1
"chr12",26731646,26755639,1,"12__26731646__26755639",1
"chr12",26703180,26777289,1,"12__26703180__26777289",1
"chr12",26774056,26784992,1,"12__26774056__26784992",1
"chr17",26844355,26844582,2,"17__26844355__26844582",2
"chr6",26827666,26856976,1,"6__26827666__26856976",1
"chr17",26918716,26920084,1,"17__26918716__26920084",1
"chr22",27113216,27122757,1,"22__27113216__27122757",1
"chr12",27149675,27152609,1,"12__27149675__27152609",1
"chr12",27152459,27156323,1,"12__27152459__27156323",1
"chr22",27170119,27186671,1,"22__27170119__27186671",1
"chr22",27182670,27186671,3,"22__27182670__27186671",3
"chr22",27170119,27197754,1,"22__27170119__27197754",1
"chr7",27205729,27206566,1,"7__27205729__27206566",1
"chr22",27232579,27258068,1,"22__27232579__27258068",1
"chr1",27269151,27269556,3,"1__27269151__27269556",3
"chr17",27612728,27614734,2,"17__27612728__27614734",2
"chr17",27613010,27614734,2,"17__27613010__27614734",2
"chr13",27664020,27680081,1,"13__27664020__27680081",1
"chr2",27887967,27888162,1,"2__27887967__27888162",1
"chr11",28080473,28113060,1,"11__28080473__28113060",1
"chr7",28141238,28144689,2,"7__28141238__28144689",2
"chr11",28250418,28252532,1,"11__28250418__28252532",1
"chr22",28331139,28336159,1,"22__28331139__28336159",1
"chr22",28426214,28504391,1,"22__28426214__28504391",1
"chr22",28559080,28559587,1,"22__28559080__28559587",1
"chr22",28692186,28693840,11,"22__28692186__28693840",11
"chr22",28692186,28702631,1,"22__28692186__28702631",1
"chr22",28692186,28779093,1,"22__28692186__28779093",1
"chr11",28711107,28817830,1,"11__28711107__28817830",1
"chr15",28857205,28859891,1,"15__28857205__28859891",1
"chr22",28910745,28915308,8,"22__28910745__28915308",8
"chr22",28911615,28915308,1,"22__28911615__28915308",1
"chr22",28910745,28916563,1,"22__28910745__28916563",1
"chr22",28911615,28924716,1,"22__28911615__28924716",1
"chr22",28910745,28941565,1,"22__28910745__28941565",1
"chr22",28943662,28946139,1,"22__28943662__28946139",1
"chr22",29013886,29025818,1,"22__29013886__29025818",1
"chr22",29025540,29025818,1,"22__29025540__29025818",1
"chr22",29021271,29029962,1,"22__29021271__29029962",1
"chr22",29025540,29042296,1,"22__29025540__29042296",1
"chr22",29138264,29140638,1,"22__29138264__29140638",1
"chr2",29136935,29145849,1,"2__29136935__29145849",1
"chr2",29159788,29165247,1,"2__29159788__29165247",1
"chr17",29203392,29206505,4,"17__29203392__29206505",4
"chr17",29361321,29361443,3,"17__29361321__29361443",3
"chr1",29500758,29501936,1,"1__29500758__29501936",1
"chr13",30096454,30127997,1,"13__30096454__30127997",1
"chr7",30395344,30405911,2,"7__30395344__30405911",2
"chr7",30638412,30643188,5,"7__30638412__30643188",5
"chr20",31413731,31427662,1,"20__31413731__31427662",1
"chr13",31789188,31803431,1,"13__31789188__31803431",1
"chr5",32125899,32126742,1,"5__32125899__32126742",1
"chr5",32135678,32143986,16,"5__32135678__32143986",16
"chr5",32143855,32170874,1,"5__32143855__32170874",1
"chr14",32172323,32173344,5,"14__32172323__32173344",5
"chr20",32264911,32267780,1,"20__32264911__32267780",1
"chr20",32265232,32267780,1,"20__32265232__32267780",1
"chr20",32265232,32268222,1,"20__32265232__32268222",1
"chr20",32267561,32268222,1,"20__32267561__32268222",1
"chr10",32308786,32310215,2,"10__32308786__32310215",2
"chr5",32397325,32404202,2,"5__32397325__32404202",2
"chr3",32586368,32587457,1,"3__32586368__32587457",1
"chr7",32615339,32619884,1,"7__32615339__32619884",1
"chr2",32602656,32620661,2,"2__32602656__32620661",2
"chr2",32602656,32631625,1,"2__32602656__32631625",1
"chr2",32613967,32639865,1,"2__32613967__32639865",1
"chr2",32602656,32641231,1,"2__32602656__32641231",1
"chr2",32639837,32641231,2,"2__32639837__32641231",2
"chr2",32654214,32661252,1,"2__32654214__32661252",1
"chr2",32664588,32664754,1,"2__32664588__32664754",1
"chr2",32664576,32673996,1,"2__32664576__32673996",1
"chr7",32672155,32678977,1,"7__32672155__32678977",1
"chr2",32664576,32679010,2,"2__32664576__32679010",2
"chr20",32684463,32686439,1,"20__32684463__32686439",1
"chr2",32703703,32704685,1,"2__32703703__32704685",1
"chr2",32707497,32710652,1,"2__32707497__32710652",1
"chr2",32703703,32718734,1,"2__32703703__32718734",1
"chr2",32713655,32718734,1,"2__32713655__32718734",1
"chr7",32650442,32718742,1,"7__32650442__32718742",1
"chr7",32660016,32718742,1,"7__32660016__32718742",1
"chr7",32672155,32718742,1,"7__32672155__32718742",1
"chr7",32715544,32718742,1,"7__32715544__32718742",1
"chr2",32703703,32725176,1,"2__32703703__32725176",1
"chr2",32749955,32756618,1,"2__32749955__32756618",1
"chr2",32768308,32770927,1,"2__32768308__32770927",1
"chr2",32770774,32774548,1,"2__32770774__32774548",1
"chr7",32914319,32914769,1,"7__32914319__32914769",1
"chr7",32914604,32919554,1,"7__32914604__32919554",1
"chr2",33245976,33246273,1,"2__33245976__33246273",1
"chr9",33264310,33264399,1,"9__33264310__33264399",1
"chr1",33272083,33276658,1,"1__33272083__33276658",1
"chr1",33276192,33276658,2,"1__33276192__33276658",2
"chr21",33296780,33312532,1,"21__33296780__33312532",1
"chr21",33296780,33318483,1,"21__33296780__33318483",1
"chr9",33317002,33318705,2,"9__33317002__33318705",2
"chr2",33245976,33335818,1,"2__33245976__33335818",1
"chr21",33296780,33355922,1,"21__33296780__33355922",1
"chr13",33362431,33366330,1,"13__33362431__33366330",1
"chr9",33504536,33509334,1,"9__33504536__33509334",1
"chr9",33528725,33529171,1,"9__33528725__33529171",1
"chr9",33528725,33567312,2,"9__33528725__33567312",2
"chr19",33584265,33585175,2,"19__33584265__33585175",2
"chr6",33644545,33644866,3,"6__33644545__33644866",3
"chr7",33674789,33683393,1,"7__33674789__33683393",1
"chr21",33713775,33717884,1,"21__33713775__33717884",1
"chr21",33750754,33756773,1,"21__33750754__33756773",1
"chr1",33760538,33760906,2,"1__33760538__33760906",2
"chr20",33762594,33764202,1,"20__33762594__33764202",1
"chr18",33775220,33785239,1,"18__33775220__33785239",1
"chr18",33793329,33800180,1,"18__33793329__33800180",1
"chr20",33834643,33842557,1,"20__33834643__33842557",1
"chr9",33886879,33900269,7,"9__33886879__33900269",7
"chr9",33900172,33912096,1,"9__33900172__33912096",1
"chr5",34163223,34182972,1,"5__34163223__34182972",1
"chr11",34218872,34226237,1,"11__34218872__34226237",1
"chr15",34295233,34298052,1,"15__34295233__34298052",1
"chr18",34426569,34426688,1,"18__34426569__34426688",1
"chrX",34556432,34557520,1,"X__34556432__34557520",1
"chr21",34793787,34793992,1,"21__34793787__34793992",1
"chr21",34787195,34805178,1,"21__34787195__34805178",1
"chr21",34793787,34805178,2,"21__34793787__34805178",2
"chr21",34804484,34805178,1,"21__34804484__34805178",1
"chr19",34821094,34830897,1,"19__34821094__34830897",1
"chr7",35006506,35013217,2,"7__35006506__35013217",2
"chr14",35020920,35024118,1,"14__35020920__35024118",1
"chr7",35050080,35058208,3,"7__35050080__35058208",3
"chr15",35207239,35219339,2,"15__35207239__35219339",2
"chr15",35207239,35226836,1,"15__35207239__35226836",1
"chr15",35219236,35231014,1,"15__35219236__35231014",1
"chr15",35224519,35231014,1,"15__35224519__35231014",1
"chr17",35310186,35311207,2,"17__35310186__35311207",2
"chr17",35343916,35348156,1,"17__35343916__35348156",1
"chr14",35433135,35441270,1,"14__35433135__35441270",1
"chr21",35497641,35515007,2,"21__35497641__35515007",2
"chr1",35652682,35653667,1,"1__35652682__35653667",1
"chr1",35656295,35657130,1,"1__35656295__35657130",1
"chr11",35747472,35747711,1,"11__35747472__35747711",1
"chr6",36126425,36126718,3,"6__36126425__36126718",3
"chr1",36297028,36301594,3,"1__36297028__36301594",3
"chr19",36510136,36521100,1,"19__36510136__36521100",1
"chr2",36586047,36623930,2,"2__36586047__36623930",2
"chr2",36596251,36623930,4,"2__36596251__36623930",4
"chr2",36615115,36623930,4,"2__36615115__36623930",4
"chr2",36615115,36669878,1,"2__36615115__36669878",1
"chr2",36623757,36669878,3,"2__36623757__36669878",3
"chr2",36668401,36669878,1,"2__36668401__36669878",1
"chr2",36586047,36691798,1,"2__36586047__36691798",1
"chr2",36623757,36691798,1,"2__36623757__36691798",1
"chr2",36615115,36706837,1,"2__36615115__36706837",1
"chr2",36623757,36706837,1,"2__36623757__36706837",1
"chr2",36615115,36749456,1,"2__36615115__36749456",1
"chr2",36777420,36777838,1,"2__36777420__36777838",1
"chr5",36871600,36871745,1,"5__36871600__36871745",1
"chr5",37079695,37105394,1,"5__37079695__37105394",1
"chr5",37226406,37239971,1,"5__37226406__37239971",1
"chr5",37238959,37239971,3,"5__37238959__37239971",3
"chr5",37221426,37247847,1,"5__37221426__37247847",1
"chr5",37230764,37247847,1,"5__37230764__37247847",1
"chr5",37230969,37247847,1,"5__37230969__37247847",1
"chr5",37238959,37247847,2,"5__37238959__37247847",2
"chr5",37239815,37247847,1,"5__37239815__37247847",1
"chr5",37243115,37247847,6,"5__37243115__37247847",6
"chr2",37246952,37247979,1,"2__37246952__37247979",1
"chr2",37247798,37268435,1,"2__37247798__37268435",1
"chr18",37229526,37279599,1,"18__37229526__37279599",1
"chr18",37279513,37295243,1,"18__37279513__37295243",1
"chr2",37316783,37317865,1,"2__37316783__37317865",1
"chr2",37329066,37331275,1,"2__37329066__37331275",1
"chr8",37374321,37386708,1,"8__37374321__37386708",1
"chr2",37438142,37441104,2,"2__37438142__37441104",2
"chr6",37438797,37447031,1,"6__37438797__37447031",1
"chrX",37553539,37553801,1,"X__37553539__37553801",1
"chr19",37579941,37582023,1,"19__37579941__37582023",1
"chr8",37623044,37623873,4,"8__37623044__37623873",4
"chr17",37706566,37723130,1,"17__37706566__37723130",1
"chr5",37721217,37727147,1,"5__37721217__37727147",1
"chr6",37897735,37905673,1,"6__37897735__37905673",1
"chr3",37948798,37949032,1,"3__37948798__37949032",1
"chr10",38064272,38065503,1,"10__38064272__38065503",1
"chr7",38247048,38259261,1,"7__38247048__38259261",1
"chr7",38389298,38398454,1,"7__38389298__38398454",1
"chr17",38449708,38450755,1,"17__38449708__38450755",1
"chr17",38451608,38453019,1,"17__38451608__38453019",1
"chr17",38545768,38546416,1,"17__38545768__38546416",1
"chr17",38547758,38548989,2,"17__38547758__38548989",2
"chr17",38551701,38552717,1,"17__38551701__38552717",1
"chr17",38548837,38555189,1,"17__38548837__38555189",1
"chr17",38562636,38563194,4,"17__38562636__38563194",4
"chr19",38609946,38610522,3,"19__38609946__38610522",3
"chr19",38631824,38633350,2,"19__38631824__38633350",2
"chr13",38624906,38636371,1,"13__38624906__38636371",1
"chr17",38638381,38638668,3,"17__38638381__38638668",3
"chrX",38668713,38668894,1,"X__38668713__38668894",1
"chr5",38903984,38904605,1,"5__38903984__38904605",1
"chr12",39154649,39170103,2,"12__39154649__39170103",2
"chr12",39223181,39242464,3,"12__39223181__39242464",3
"chr12",39223181,39268313,1,"12__39223181__39268313",1
"chr12",39223181,39269463,1,"12__39223181__39269463",1
"chr5",39417612,39418447,1,"5__39417612__39418447",1
"chr14",39648295,39648666,1,"14__39648295__39648666",1
"chr1",39711084,39711216,1,"1__39711084__39711216",1
"chr20",39726855,39741565,1,"20__39726855__39741565",1
"chr4",39839098,39839828,1,"4__39839098__39839828",1
"chr4",39843568,39847500,1,"4__39843568__39847500",1
"chr15",39909936,39931614,1,"15__39909936__39931614",1
"chr7",40121489,40121773,1,"7__40121489__40121773",1
"chr17",40364002,40369482,1,"17__40364002__40369482",1
"chr15",40457254,40462882,1,"15__40457254__40462882",1
"chrX",40556276,40562821,2,"X__40556276__40562821",2
"chr1",40654727,40668286,1,"1__40654727__40668286",1
"chr1",40656444,40668286,1,"1__40656444__40668286",1
"chr19",40704282,40704462,1,"19__40704282__40704462",1
"chr1",40733458,40737707,2,"1__40733458__40737707",2
"chr15",41195820,41195971,1,"15__41195820__41195971",1
"chr15",41194814,41196029,1,"15__41194814__41196029",1
"chr13",41207284,41219635,2,"13__41207284__41219635",2
"chr4",41222152,41223501,2,"4__41222152__41223501",2
"chr19",41242891,41243674,2,"19__41242891__41243674",2
"chr19",41262623,41262812,1,"19__41262623__41262812",1
"chr4",41380689,41380776,1,"4__41380689__41380776",1
"chr8",41455811,41456823,1,"8__41455811__41456823",1
"chr22",41536144,41537226,2,"22__41536144__41537226",2
"chr22",41542194,41542820,1,"22__41542194__41542820",1
"chr15",41605471,41611978,2,"15__41605471__41611978",2
"chr3",41746549,41759353,1,"3__41746549__41759353",1
"chr5",41800096,41803265,1,"5__41800096__41803265",1
"chr5",41840553,41842883,1,"5__41840553__41842883",1
"chr19",41838033,41854300,1,"19__41838033__41854300",1
"chr5",41906845,41912285,1,"5__41906845__41912285",1
"chr5",41907838,41912285,1,"5__41907838__41912285",1
"chr13",41917955,41921067,1,"13__41917955__41921067",1
"chr22",41979963,41980607,1,"22__41979963__41980607",1
"chr3",42098666,42128892,2,"3__42098666__42128892",2
"chr13",42263490,42267108,1,"13__42263490__42267108",1
"chr13",42245082,42277547,1,"13__42245082__42277547",1
"chr17",42381399,42384868,1,"17__42381399__42384868",1
"chr12",42604157,42604482,6,"12__42604157__42604482",6
"chr12",42604157,42606286,1,"12__42604157__42606286",1
"chr12",42604157,42607589,2,"12__42604157__42607589",2
"chr12",42604157,42610342,2,"12__42604157__42610342",2
"chr3",42684888,42685368,1,"3__42684888__42685368",1
"chr17",42803486,42803619,1,"17__42803486__42803619",1
"chr15",42875544,42877835,1,"15__42875544__42877835",1
"chr13",42860122,42882745,4,"13__42860122__42882745",4
"chr13",42888030,42891824,2,"13__42888030__42891824",2
"chr6",42933980,42934185,1,"6__42933980__42934185",1
"chr15",42957451,42961535,1,"15__42957451__42961535",1
"chr6",42992723,42993879,1,"6__42992723__42993879",1
"chr8",43013718,43027529,1,"8__43013718__43027529",1
"chr8",43024316,43037403,1,"8__43024316__43037403",1
"chr8",43033217,43037403,1,"8__43033217__43037403",1
"chr17",43197692,43198739,1,"17__43197692__43198739",1
"chr15",43242460,43258484,1,"15__43242460__43258484",1
"chr10",43312047,43319232,6,"10__43312047__43319232",6
"chr10",43312766,43319232,1,"10__43312766__43319232",1
"chr18",43347882,43360724,1,"18__43347882__43360724",1
"chr5",43490733,43503862,1,"5__43490733__43503862",1
"chr6",43514308,43515190,1,"6__43514308__43515190",1
"chr6",43501644,43519190,1,"6__43501644__43519190",1
"chr6",43533397,43538731,1,"6__43533397__43538731",1
"chr11",43852526,43861614,1,"11__43852526__43861614",1
"chr11",43859867,43861614,1,"11__43859867__43861614",1
"chr1",43896936,43898861,1,"1__43896936__43898861",1
"chr10",43991464,43991978,1,"10__43991464__43991978",1
"chr6",44371546,44376369,2,"6__44371546__44376369",2
"chrX",44383248,44386611,10,"X__44383248__44386611",10
"chr6",44374060,44387334,1,"6__44374060__44387334",1
"chrX",44383248,44397788,1,"X__44383248__44397788",1
"chr7",44452790,44453626,1,"7__44452790__44453626",1
"chr7",44524567,44525221,1,"7__44524567__44525221",1
"chr1",44567232,44571186,1,"1__44567232__44571186",1
"chr2",44729828,44732869,1,"2__44729828__44732869",1
"chr2",44776694,44785152,1,"2__44776694__44785152",1
"chr17",45041063,45042405,1,"17__45041063__45042405",1
"chr13",45553325,45556289,1,"13__45553325__45556289",1
"chr14",45587231,45599993,1,"14__45587231__45599993",1
"chr2",45800346,45812913,2,"2__45800346__45812913",2
"chr22",45821828,45826946,1,"22__45821828__45826946",1
"chr2",45925080,45928663,1,"2__45925080__45928663",1
"chr22",45970391,45972988,3,"22__45970391__45972988",3
"chr1",46105882,46108171,1,"1__46105882__46108171",1
"chr1",46120215,46126049,1,"1__46120215__46126049",1
"chr2",46228543,46237656,2,"2__46228543__46237656",2
"chr21",46275125,46281186,3,"21__46275125__46281186",3
"chr2",46552979,46588229,1,"2__46552979__46588229",1
"chr16",46649858,46652284,1,"16__46649858__46652284",1
"chr22",46829290,46835308,1,"22__46829290__46835308",1
"chr18",46889531,46906128,2,"18__46889531__46906128",2
"chr12",46965039,46971067,1,"12__46965039__46971067",1
"chr16",47001425,47002076,1,"16__47001425__47002076",1
"chr17",47004929,47006402,1,"17__47004929__47006402",1
"chr10",47133604,47133711,1,"10__47133604__47133711",1
"chr6",47251674,47254331,2,"6__47251674__47254331",2
"chr18",47313661,47323964,1,"18__47313661__47323964",1
"chr19",47421745,47440665,4,"19__47421745__47440665",4
"chr11",47444125,47444524,1,"11__47444125__47444524",1
"chr11",47446158,47447501,1,"11__47446158__47447501",1
"chr6",47471016,47472494,3,"6__47471016__47472494",3
"chr6",47501338,47549801,1,"6__47501338__47549801",1
"chr6",47541800,47549801,1,"6__47541800__47549801",1
"chr20",47567860,47570327,2,"20__47567860__47570327",2
"chr20",47557736,47580435,1,"20__47557736__47580435",1
"chr19",47584770,47585552,1,"19__47584770__47585552",1
"chr20",47580367,47592736,1,"20__47580367__47592736",1
"chr20",47747938,47748437,1,"20__47747938__47748437",1
"chr18",47777128,47778154,3,"18__47777128__47778154",3
"chr20",47872345,47874201,1,"20__47872345__47874201",1
"chr20",47871032,47880020,1,"20__47871032__47880020",1
"chr20",47886479,47888287,2,"20__47886479__47888287",2
"chr20",47882672,47892424,1,"20__47882672__47892424",1
"chr7",48002718,48018190,1,"7__48002718__48018190",1
"chr11",48166227,48181601,1,"11__48166227__48181601",1
"chr1",48260258,48261352,1,"1__48260258__48261352",1
"chr20",48253878,48273239,2,"20__48253878__48273239",2
"chr8",48488991,48489138,1,"8__48488991__48489138",1
"chr7",48541722,48542148,2,"7__48541722__48542148",2
"chr2",48555700,48573890,1,"2__48555700__48573890",1
"chr16",48580058,48587580,1,"16__48580058__48587580",1
"chr2",48555700,48589846,1,"2__48555700__48589846",1
"chr16",48580058,48596355,1,"16__48580058__48596355",1
"chr16",48585297,48596355,1,"16__48585297__48596355",1
"chr16",48587450,48596355,1,"16__48587450__48596355",1
"chr17",48773215,48778012,1,"17__48773215__48778012",1
"chr17",48773215,48779369,4,"17__48773215__48779369",4
"chr13",48827944,48835457,2,"13__48827944__48835457",2
"chr15",48888480,48892431,1,"15__48888480__48892431",1
"chr15",48888480,48905289,4,"15__48888480__48905289",4
"chr8",48955593,48962538,4,"8__48955593__48962538",4
"chr8",48955593,48974747,1,"8__48955593__48974747",1
"chrX",49031110,49031299,1,"X__49031110__49031299",1
"chrX",49031242,49031353,1,"X__49031242__49031353",1
"chr3",49063757,49065965,2,"3__49063757__49065965",2
"chr17",49340635,49346265,4,"17__49340635__49346265",4
"chr17",49343543,49346265,1,"17__49343543__49346265",1
"chr17",49343543,49357840,1,"17__49343543__49357840",1
"chr17",49357366,49357840,1,"17__49357366__49357840",1
"chr17",49350723,49365564,1,"17__49350723__49365564",1
"chr8",49693158,49735048,1,"8__49693158__49735048",1
"chr19",50148278,50161503,2,"19__50148278__50161503",2
"chr12",50523310,50524000,1,"12__50523310__50524000",1
"chr14",50679796,50679890,1,"14__50679796__50679890",1
"chr14",50796551,50799150,2,"14__50796551__50799150",2
"chr14",50796551,50801339,2,"14__50796551__50801339",2
"chr14",51107468,51111732,3,"14__51107468__51111732",3
"chr18",51714084,51715381,1,"18__51714084__51715381",1
"chr10",51740949,51754189,1,"10__51740949__51754189",1
"chr10",51816544,51821356,1,"10__51816544__51821356",1
"chr13",51893807,51894187,1,"13__51893807__51894187",1
"chr15",52218975,52221675,1,"15__52218975__52221675",1
"chr19",53091785,53095481,1,"19__53091785__53095481",1
"chr14",53118957,53120033,3,"14__53118957__53120033",3
"chr3",53137969,53145924,1,"3__53137969__53145924",1
"chr14",53247397,53254589,1,"14__53247397__53254589",1
"chrX",53627078,53631795,2,"X__53627078__53631795",2
"chrX",53641495,53641706,5,"X__53641495__53641706",5
"chrX",53641495,53642796,6,"X__53641495__53642796",6
"chrX",53641495,53644407,1,"X__53641495__53644407",1
"chrX",53631550,53658566,2,"X__53631550__53658566",2
"chrX",53651556,53661250,1,"X__53651556__53661250",1
"chrX",53672263,53681075,10,"X__53672263__53681075",10
"chrX",53674311,53681075,1,"X__53674311__53681075",1
"chrX",53661188,53707139,1,"X__53661188__53707139",1
"chr6",53747685,53764689,1,"6__53747685__53764689",1
"chr12",54333081,54333220,1,"12__54333081__54333220",1
"chr17",54892230,54897019,1,"17__54892230__54897019",1
"chr17",54888233,54902682,1,"17__54888233__54902682",1
"chr17",54892230,54902682,1,"17__54892230__54902682",1
"chr2",55020426,55056614,1,"2__55020426__55056614",1
"chr8",55049087,55060190,1,"8__55049087__55060190",1
"chr7",55459486,55479782,1,"7__55459486__55479782",1
"chr2",55867762,55871855,3,"2__55867762__55871855",3
"chr2",55870293,55873621,1,"2__55870293__55873621",1
"chr2",55889091,55900214,2,"2__55889091__55900214",2
"chr2",55898454,55900214,2,"2__55898454__55900214",2
"chr5",56160561,56161804,6,"5__56160561__56161804",6
"chr7",56169338,56174111,1,"7__56169338__56174111",1
"chr5",56152427,56179506,1,"5__56152427__56179506",1
"chr15",56243574,56258744,2,"15__56243574__56258744",2
"chr16",56385296,56388993,2,"16__56385296__56388993",2
"chr12",56500971,56506673,2,"12__56500971__56506673",2
"chr15",56434976,56535485,1,"15__56434976__56535485",1
"chr12",56692126,56692547,1,"12__56692126__56692547",1
"chr14",56645053,56757174,1,"14__56645053__56757174",1
"chr20",56918774,56934791,1,"20__56918774__56934791",1
"chr18",56998650,57013283,2,"18__56998650__57013283",2
"chr4",57267496,57273882,1,"4__57267496__57273882",1
"chr6",57372288,57398317,3,"6__57372288__57398317",3
"chr6",57393112,57398317,1,"6__57393112__57398317",1
"chr16",57554980,57560039,1,"16__57554980__57560039",1
"chr3",57561275,57569734,1,"3__57561275__57569734",1
"chr3",57569625,57570191,1,"3__57569625__57570191",1
"chr3",57618992,57627474,1,"3__57618992__57627474",1
"chr3",57627380,57649443,1,"3__57627380__57649443",1
"chr3",57627380,57658165,1,"3__57627380__57658165",1
"chr3",57657983,57667622,1,"3__57657983__57667622",1
"chr12",58103925,58104542,1,"12__58103925__58104542",1
"chr16",58218164,58220760,2,"16__58218164__58220760",2
"chr12",58345541,58347472,2,"12__58345541__58347472",2
"chr5",58764122,58804477,1,"5__58764122__58804477",1
"chr5",58764122,58828560,1,"5__58764122__58828560",1
"chr19",58904343,58904854,1,"19__58904343__58904854",1
"chr15",59464096,59480415,1,"15__59464096__59480415",1
"chr15",59470592,59480415,2,"15__59470592__59480415",2
"chr15",59480317,59506919,1,"15__59480317__59506919",1
"chr15",59464096,59510286,1,"15__59464096__59510286",1
"chr15",59480317,59510286,1,"15__59480317__59510286",1
"chr15",59487660,59510286,1,"15__59487660__59510286",1
"chr15",59548483,59564648,1,"15__59548483__59564648",1
"chr15",59799412,59801168,1,"15__59799412__59801168",1
"chr17",59876461,59886118,1,"17__59876461__59886118",1
"chr17",59924462,59934592,1,"17__59924462__59934592",1
"chr10",59975906,59997575,1,"10__59975906__59997575",1
"chr17",60023381,60032928,1,"17__60023381__60032928",1
"chr17",60038228,60050249,1,"17__60038228__60050249",1
"chr17",60061532,60062451,1,"17__60061532__60062451",1
"chr17",60111148,60112969,1,"17__60111148__60112969",1
"chr17",60129898,60140583,1,"17__60129898__60140583",1
"chr17",60129898,60140662,1,"17__60129898__60140662",1
"chr15",60131141,60142618,1,"15__60131141__60142618",1
"chr10",60347975,60349852,1,"10__60347975__60349852",1
"chr10",60347975,60380661,2,"10__60347975__60380661",2
"chr20",60572606,60589763,2,"20__60572606__60589763",2
"chr11",60687158,60688460,1,"11__60687158__60688460",1
"chr14",60718733,60718864,1,"14__60718733__60718864",1
"chr5",60768508,60768864,7,"5__60768508__60768864",7
"chr5",60768508,60790237,1,"5__60768508__60790237",1
"chr5",60817090,60822223,1,"5__60817090__60822223",1
"chr5",60817090,60837792,1,"5__60817090__60837792",1
"chr18",60948120,60948447,1,"18__60948120__60948447",1
"chr11",61205097,61205585,2,"11__61205097__61205585",2
"chr11",61205097,61205592,1,"11__61205097__61205592",1
"chr2",61447445,61450431,2,"2__61447445__61450431",2
"chr2",61552510,61566816,1,"2__61552510__61566816",1
"chr2",61561017,61576021,1,"2__61561017__61576021",1
"chr2",61538675,61577828,1,"2__61538675__61577828",1
"chr2",61538919,61577828,1,"2__61538919__61577828",1
"chr2",61558411,61577828,1,"2__61558411__61577828",1
"chr3",61608137,61609229,2,"3__61608137__61609229",2
"chr1",61624547,61624827,1,"1__61624547__61624827",1
"chr17",61681894,61683800,1,"17__61681894__61683800",1
"chr11",61734881,61734993,1,"11__61734881__61734993",1
"chr17",62130140,62130731,2,"17__62130140__62130731",2
"chr20",62260889,62261245,3,"20__62260889__62261245",3
"chr11",62291800,62292056,1,"11__62291800__62292056",1
"chr11",62293439,62299089,1,"11__62293439__62299089",1
"chr11",62723769,62733017,1,"11__62723769__62733017",1
"chr15",62828792,62881961,1,"15__62828792__62881961",1
"chr7",63796637,63797360,1,"7__63796637__63797360",1
"chr11",63918711,63919865,1,"11__63918711__63919865",1
"chr15",63946318,63952135,1,"15__63946318__63952135",1
"chr7",63981442,63982878,3,"7__63981442__63982878",3
"chr15",64015381,64027048,1,"15__64015381__64027048",1
"chr1",64017396,64027528,1,"1__64017396__64027528",1
"chr17",64509454,64510584,11,"17__64509454__64510584",11
"chr15",64668942,64669104,2,"15__64668942__64669104",2
"chr12",64825428,64838904,1,"12__64825428__64838904",1
"chr12",64878083,64879797,2,"12__64878083__64879797",2
"chr12",64878083,64882368,1,"12__64878083__64882368",1
"chr12",64878083,64883899,1,"12__64878083__64883899",1
"chr12",64882267,64883899,2,"12__64882267__64883899",2
"chr14",65031469,65035165,1,"14__65031469__65035165",1
"chr11",65200364,65200598,1,"11__65200364__65200598",1
"chr11",65202524,65205128,1,"11__65202524__65205128",1
"chr11",65204009,65206472,1,"11__65204009__65206472",1
"chr11",65191834,65211534,1,"11__65191834__65211534",1
"chr11",65210535,65211534,2,"11__65210535__65211534",2
"chr11",65267576,65267747,1,"11__65267576__65267747",1
"chr11",65270588,65272066,2,"11__65270588__65272066",2
"chr11",65271200,65272490,2,"11__65271200__65272490",2
"chr11",65272291,65272490,1,"11__65272291__65272490",1
"chr15",65308774,65319378,2,"15__65308774__65319378",2
"chr5",65498653,65504809,1,"5__65498653__65504809",1
"chr5",65498653,65504820,3,"5__65498653__65504820",3
"chr5",65500100,65504820,1,"5__65500100__65504820",1
"chr11",65661485,65664477,4,"11__65661485__65664477",4
"chr3",65702977,65711391,1,"3__65702977__65711391",1
"chr11",65826301,65830587,1,"11__65826301__65830587",1
"chr7",65894666,65895004,1,"7__65894666__65895004",1
"chr7",66104844,66105099,1,"7__66104844__66105099",1
"chr7",66313476,66345864,1,"7__66313476__66345864",1
"chr11",66366587,66368020,1,"11__66366587__66368020",1
"chr7",66458204,66458404,2,"7__66458204__66458404",2
"chr7",66456124,66459328,3,"7__66456124__66459328",3
"chr7",66458204,66459328,1,"7__66458204__66459328",1
"chr16",67226664,67231985,1,"16__67226664__67231985",1
"chr8",67341943,67342543,1,"8__67341943__67342543",1
"chr16",67644727,67646024,2,"16__67644727__67646024",2
"chr14",67620477,67819757,1,"14__67620477__67819757",1
"chr14",67841185,67849307,2,"14__67841185__67849307",2
"chr14",67851259,67851405,1,"14__67851259__67851405",1
"chr1",67864288,67865586,1,"1__67864288__67865586",1
"chr1",67861088,67868100,1,"1__67861088__67868100",1
"chr8",68200190,68214701,6,"8__68200190__68214701",6
"chr2",68413600,68415822,2,"2__68413600__68415822",2
"chr16",68961471,68961986,1,"16__68961471__68961986",1
"chr7",69023156,69024929,1,"7__69023156__69024929",1
"chr12",69141710,69145970,1,"12__69141710__69145970",1
"chr15",69548133,69553668,1,"15__69548133__69553668",1
"chr10",69654732,69654895,1,"10__69654732__69654895",1
"chr12",69756568,69764755,4,"12__69756568__69764755",4
"chr3",69954200,69954375,1,"3__69954200__69954375",1
"chr16",70260673,70280513,1,"16__70260673__70280513",1
"chr16",70566382,70569323,1,"16__70566382__70569323",1
"chr16",70595533,70597953,1,"16__70595533__70597953",1
"chr16",70597779,70597953,1,"16__70597779__70597953",1
"chr16",70597779,70601439,1,"16__70597779__70601439",1
"chr16",70598968,70601439,4,"16__70598968__70601439",4
"chr1",70639148,70654956,1,"1__70639148__70654956",1
"chr8",71126138,71128999,7,"8__71126138__71128999",7
"chr8",71126138,71209035,2,"8__71126138__71209035",2
"chr10",71243447,71244971,2,"10__71243447__71244971",2
"chr2",71366925,71368499,1,"2__71366925__71368499",1
"chr2",71366925,71371668,1,"2__71366925__71371668",1
"chr8",71550050,71553285,1,"8__71550050__71553285",1
"chr10",71966020,71969441,1,"10__71966020__71969441",1
"chr10",71968961,71969441,1,"10__71968961__71969441",1
"chr10",71977568,71978573,3,"10__71977568__71978573",3
"chr12",72020040,72022817,1,"12__72020040__72022817",1
"chr12",72025767,72025977,1,"12__72025767__72025977",1
"chr12",72027935,72038098,1,"12__72027935__72038098",1
"chr12",72036216,72038098,2,"12__72036216__72038098",2
"chr12",72036216,72041593,1,"12__72036216__72041593",1
"chr12",72051329,72054207,1,"12__72051329__72054207",1
"chr12",72052410,72054207,1,"12__72052410__72054207",1
"chr12",72163580,72167802,1,"12__72163580__72167802",1
"chr16",72301451,72302965,1,"16__72301451__72302965",1
"chr16",72318471,72342087,1,"16__72318471__72342087",1
"chr16",72318476,72342087,1,"16__72318476__72342087",1
"chr16",72318471,72383105,1,"16__72318471__72383105",1
"chr16",72341955,72425114,1,"16__72341955__72425114",1
"chr16",72382945,72425114,1,"16__72382945__72425114",1
"chr16",72402552,72425114,2,"16__72402552__72425114",2
"chr15",72789132,72837305,1,"15__72789132__72837305",1
"chr15",72810408,72837305,4,"15__72810408__72837305",4
"chr15",72789132,72848248,1,"15__72789132__72848248",1
"chr15",72810408,72848248,2,"15__72810408__72848248",2
"chr15",72837161,72848248,2,"15__72837161__72848248",2
"chr15",72810408,72853890,2,"15__72810408__72853890",2
"chr15",72855735,72859518,1,"15__72855735__72859518",1
"chr7",72879769,72880731,5,"7__72879769__72880731",5
"chr9",72875844,72882891,1,"9__72875844__72882891",1
"chr7",72873866,72883980,1,"7__72873866__72883980",1
"chr7",72873866,72884813,2,"7__72873866__72884813",2
"chr7",72877252,72884813,1,"7__72877252__72884813",1
"chr7",72879769,72884813,1,"7__72879769__72884813",1
"chr7",72883847,72884813,3,"7__72883847__72884813",3
"chr9",72892226,72895815,3,"9__72892226__72895815",3
"chr9",72892226,72897499,1,"9__72892226__72897499",1
"chr9",72892226,72901187,3,"9__72892226__72901187",3
"chr9",72895675,72901187,1,"9__72895675__72901187",1
"chr7",72907130,72925182,1,"7__72907130__72925182",1
"chr7",72922657,72925182,1,"7__72922657__72925182",1
"chr9",72920163,72933879,1,"9__72920163__72933879",1
"chr9",72999913,73001685,1,"9__72999913__73001685",1
"chr11",73063875,73068372,1,"11__73063875__73068372",1
"chr2",73220126,73220354,1,"2__73220126__73220354",1
"chr17",73808193,73809959,1,"17__73808193__73809959",1
"chr17",73815765,73816189,1,"17__73815765__73816189",1
"chr11",74053506,74054461,2,"11__74053506__74054461",2
"chr11",74079013,74079620,1,"11__74079013__74079620",1
"chr6",74149932,74155470,1,"6__74149932__74155470",1
"chr10",74322653,74326552,3,"10__74322653__74326552",3
"chr5",74412391,74414122,1,"5__74412391__74414122",1
"chr11",74500671,74521375,1,"11__74500671__74521375",1
"chr11",74499483,74528759,1,"11__74499483__74528759",1
"chr11",74500671,74528759,5,"11__74500671__74528759",5
"chr11",74677834,74679073,1,"11__74677834__74679073",1
"chr17",74725605,74726224,1,"17__74725605__74726224",1
"chr7",74812091,74813268,1,"7__74812091__74813268",1
"chr7",75044163,75045694,1,"7__75044163__75045694",1
"chr2",75157717,75158170,1,"2__75157717__75158170",1
"chr15",75212612,75221573,1,"15__75212612__75221573",1
"chr15",75215989,75221573,1,"15__75215989__75221573",1
"chr15",75219107,75221573,1,"15__75219107__75221573",1
"chr14",75245150,75245386,2,"14__75245150__75245386",2
"chr15",75782549,75819602,1,"15__75782549__75819602",1
"chr15",75798016,75819602,1,"15__75798016__75819602",1
"chr2",75879268,75917917,1,"2__75879268__75917917",1
"chr5",76342172,76342502,1,"5__76342172__76342502",1
"chr5",76342172,76344097,5,"5__76342172__76344097",5
"chr5",76342172,76344812,4,"5__76342172__76344812",4
"chr5",76342172,76351421,2,"5__76342172__76351421",2
"chr7",76713204,76728268,1,"7__76713204__76728268",1
"chr7",76739255,76742800,2,"7__76739255__76742800",2
"chrX",77270159,77275895,2,"X__77270159__77275895",2
"chr11",77327282,77327468,1,"11__77327282__77327468",1
"chr11",77336008,77336863,2,"11__77336008__77336863",2
"chr11",77327251,77340944,1,"11__77327251__77340944",1
"chr11",77330651,77340944,5,"11__77330651__77340944",5
"chr11",77336008,77340944,1,"11__77336008__77340944",1
"chr7",77394812,77408131,1,"7__77394812__77408131",1
"chr7",77407655,77408131,1,"7__77407655__77408131",1
"chr7",77394812,77410091,1,"7__77394812__77410091",1
"chr13",77454748,77454867,2,"13__77454748__77454867",2
"chr15",77544709,77578846,1,"15__77544709__77578846",1
"chr15",77576225,77578846,1,"15__77576225__77578846",1
"chr15",77649391,77657567,1,"15__77649391__77657567",1
"chr5",77805607,77806221,4,"5__77805607__77806221",4
"chr10",77795766,77818541,3,"10__77795766__77818541",3
"chr4",77887221,77895960,1,"4__77887221__77895960",1
"chr4",77893543,77895960,1,"4__77893543__77895960",1
"chr10",78084159,78129073,1,"10__78084159__78129073",1
"chr5",78909298,78910383,1,"5__78909298__78910383",1
"chr8",79588022,79601608,1,"8__79588022__79601608",1
"chr17",79634759,79638856,3,"17__79634759__79638856",3
"chr17",79634759,79639185,1,"17__79634759__79639185",1
"chr17",79634759,79639798,1,"17__79634759__79639798",1
"chr17",79634759,79639832,1,"17__79634759__79639832",1
"chr17",79634759,79640204,2,"17__79634759__79640204",2
"chr14",79786633,79789300,1,"14__79786633__79789300",1
"chr12",79968646,80014987,4,"12__79968646__80014987",4
"chr12",80007355,80014987,5,"12__80007355__80014987",5
"chr5",79974746,80040434,2,"5__79974746__80040434",2
"chr5",80021272,80040434,1,"5__80021272__80040434",1
"chr5",80063752,80074655,1,"5__80063752__80074655",1
"chr5",79974746,80088663,1,"5__79974746__80088663",1
"chr5",80063752,80088663,4,"5__80063752__80088663",4
"chr5",80083384,80088663,1,"5__80083384__80088663",1
"chr5",80063752,80109560,3,"5__80063752__80109560",3
"chr17",80214142,80214278,1,"17__80214142__80214278",1
"chr9",80516270,80516394,1,"9__80516270__80516394",1
"chr9",80537077,80550805,1,"9__80537077__80550805",1
"chr9",80537077,80567347,1,"9__80537077__80567347",1
"chr16",80718435,80719026,20,"16__80718435__80719026",20
"chr16",81014375,81015482,1,"16__81014375__81015482",1
"chr8",81032050,81032708,1,"8__81032050__81032708",1
"chr16",81385188,81396216,1,"16__81385188__81396216",1
"chr8",81542479,81545108,2,"8__81542479__81545108",2
"chr7",81689744,81746489,2,"7__81689744__81746489",2
"chr2",81775742,81797537,2,"2__81775742__81797537",2
"chr7",81964451,81978965,1,"7__81964451__81978965",1
"chr12",82779560,82850599,1,"12__82779560__82850599",1
"chr15",83819967,83832827,1,"15__83819967__83832827",1
"chr16",84115352,84135712,1,"16__84115352__84135712",1
"chr16",84135226,84135712,1,"16__84135226__84135712",1
"chrX",84301452,84309404,1,"X__84301452__84309404",1
"chrX",84322133,84329397,2,"X__84322133__84329397",2
"chr6",84618728,84634311,1,"6__84618728__84634311",1
"chr15",85070850,85085515,1,"15__85070850__85085515",1
"chr15",85081763,85089508,1,"15__85081763__85089508",1
"chr15",85081763,85098301,2,"15__85081763__85098301",2
"chr16",85667520,85667738,15,"16__85667520__85667738",15
"chr11",86029978,86037718,1,"11__86029978__86037718",1
"chr9",86189825,86190955,1,"9__86189825__86190955",1
"chr9",86198847,86201283,1,"9__86198847__86201283",1
"chr2",86992150,86993147,1,"2__86992150__86993147",1
"chr2",86997146,86998835,1,"2__86997146__86998835",1
"chr3",86996160,87018273,1,"3__86996160__87018273",1
"chr2",87240128,87244811,1,"2__87240128__87244811",1
"chr8",87540764,87544808,1,"8__87540764__87544808",1
"chr13",88099351,88130872,1,"13__88099351__88130872",1
"chr11",88132850,88133240,1,"11__88132850__88133240",1
"chr13",88212426,88268010,1,"13__88212426__88268010",1
"chr13",88267818,88276258,1,"13__88267818__88276258",1
"chr9",88484890,88485025,1,"9__88484890__88485025",1
"chr10",88598622,88603267,2,"10__88598622__88603267",2
"chr10",88635624,88659883,2,"10__88635624__88659883",2
"chr2",88889961,88890570,1,"2__88889961__88890570",1
"chr2",89082251,89092011,2,"2__89082251__89092011",2
"chr2",89100616,89104394,4,"2__89100616__89104394",4
"chr2",89085987,89104922,1,"2__89085987__89104922",1
"chr10",89563492,89563671,1,"10__89563492__89563671",1
"chr16",90105054,90105225,1,"16__90105054__90105225",1
"chr9",90152580,90155341,1,"9__90152580__90155341",1
"chr6",90432674,90435115,2,"6__90432674__90435115",2
"chr8",90734243,90737842,1,"8__90734243__90737842",1
"chr8",90659968,90737869,1,"8__90659968__90737869",1
"chr8",90734243,90737869,6,"8__90734243__90737869",6
"chr15",90837893,90838458,1,"15__90837893__90838458",1
"chr15",90969342,90977027,2,"15__90969342__90977027",2
"chr15",90982564,90986710,3,"15__90982564__90986710",3
"chr15",90984738,90986710,1,"15__90984738__90986710",1
"chr14",91161844,91252672,1,"14__91161844__91252672",1
"chr15",91256398,91258273,1,"15__91256398__91258273",1
"chr7",91924203,91936970,1,"7__91924203__91936970",1
"chr7",91924203,91948826,2,"7__91924203__91948826",2
"chr7",91924203,91957214,15,"7__91924203__91957214",15
"chr7",91877502,91981956,1,"7__91877502__91981956",1
"chr7",91924203,91991587,1,"7__91924203__91991587",1
"chr8",92030618,92033632,1,"8__92030618__92033632",1
"chr13",92345441,92380919,1,"13__92345441__92380919",1
"chr13",92380786,92408674,3,"13__92380786__92408674",3
"chr13",92380786,92417110,1,"13__92380786__92417110",1
"chr13",92380852,92560311,1,"13__92380852__92560311",1
"chr14",92592466,92604691,1,"14__92592466__92604691",1
"chr14",92592466,92609638,2,"14__92592466__92609638",2
"chr14",92608508,92609638,1,"14__92608508__92609638",1
"chr12",93174056,93192862,1,"12__93174056__93192862",1
"chr12",93192668,93205210,1,"12__93192668__93205210",1
"chr12",93206756,93210176,1,"12__93206756__93210176",1
"chr12",93192668,93226626,1,"12__93192668__93226626",1
"chr11",93232442,93238379,3,"11__93232442__93238379",3
"chr12",93221688,93246801,1,"12__93221688__93246801",1
"chr12",93244887,93246801,3,"12__93244887__93246801",3
"chr12",93244887,93247730,1,"12__93244887__93247730",1
"chr14",93273081,93275864,2,"14__93273081__93275864",2
"chr7",93401220,93426591,1,"7__93401220__93426591",1
"chr11",93523740,93535138,1,"11__93523740__93535138",1
"chr10",93579027,93602148,2,"10__93579027__93602148",2
"chr10",93608140,93611093,1,"10__93608140__93611093",1
"chr10",93609269,93611093,2,"10__93609269__93611093",2
"chr10",93767880,93768965,1,"10__93767880__93768965",1
"chr10",93767880,93778692,1,"10__93767880__93778692",1
"chr1",93827153,93827919,1,"1__93827153__93827919",1
"chr5",93998003,94006713,1,"5__93998003__94006713",1
"chr5",94037400,94043994,1,"5__94037400__94043994",1
"chr10",94266199,94297307,1,"10__94266199__94297307",1
"chr10",94274677,94297307,1,"10__94274677__94297307",1
"chr10",94291505,94297307,3,"10__94291505__94297307",3
"chr10",94366022,94381230,1,"10__94366022__94381230",1
"chr10",94388565,94390121,2,"10__94388565__94390121",2
"chr10",94396941,94405399,1,"10__94396941__94405399",1
"chr9",94546771,94645665,2,"9__94546771__94645665",2
"chr9",94637768,94649052,1,"9__94637768__94649052",1
"chr9",94645540,94649052,12,"9__94645540__94649052",12
"chr9",94645540,94649395,1,"9__94645540__94649395",1
"chr9",94645540,94686210,2,"9__94645540__94686210",2
"chr5",94833986,94856522,1,"5__94833986__94856522",1
"chr5",95099212,95119667,1,"5__95099212__95119667",1
"chr5",95249475,95268417,1,"5__95249475__95268417",1
"chr5",95268336,95278753,1,"5__95268336__95278753",1
"chr9",95410341,95418833,1,"9__95410341__95418833",1
"chr12",95602619,95605043,18,"12__95602619__95605043",18
"chr11",95825056,95869534,1,"11__95825056__95869534",1
"chr10",96201653,96211366,1,"10__96201653__96211366",1
"chr10",96201653,96234540,3,"10__96201653__96234540",3
"chr10",96207392,96234540,1,"10__96207392__96234540",1
"chr10",96234425,96234540,1,"10__96234425__96234540",1
"chr8",96264416,96276097,1,"8__96264416__96276097",1
"chr13",96409898,96416207,12,"13__96409898__96416207",12
"chr13",96515883,96519677,1,"13__96515883__96519677",1
"chr13",96589174,96624925,1,"13__96589174__96624925",1
"chr14",96807859,96813678,4,"14__96807859__96813678",4
"chr13",96863920,96870922,1,"13__96863920__96870922",1
"chr13",96870443,96870922,1,"13__96870443__96870922",1
"chr14",97299804,97304154,1,"14__97299804__97304154",1
"chr14",97299804,97322923,2,"14__97299804__97322923",2
"chr14",97299804,97327072,25,"14__97299804__97327072",25
"chr14",97312432,97327072,9,"14__97312432__97327072",9
"chr14",97299804,97342457,1,"14__97299804__97342457",1
"chr14",97409854,97411719,2,"14__97409854__97411719",2
"chr8",97549528,97551121,1,"8__97549528__97551121",1
"chr8",97541421,97554192,2,"8__97541421__97554192",2
"chr3",97556324,97562105,1,"3__97556324__97562105",1
"chr7",97820040,97823884,1,"7__97820040__97823884",1
"chr7",97820926,97823884,2,"7__97820926__97823884",2
"chr7",97941409,97949610,3,"7__97941409__97949610",3
"chr7",97946531,97949610,1,"7__97946531__97949610",1
"chrX",98131524,98155082,2,"X__98131524__98155082",2
"chrX",98131792,98155082,1,"X__98131792__98155082",1
"chr10",98303833,98336586,2,"10__98303833__98336586",2
"chr2",98382577,98412867,1,"2__98382577__98412867",1
"chr8",98673300,98673678,1,"8__98673300__98673678",1
"chr8",98698896,98701331,2,"8__98698896__98701331",2
"chr7",98790642,98792961,1,"7__98790642__98792961",1
"chr8",98817581,98837381,6,"8__98817581__98837381",6
"chr8",98827556,98837381,1,"8__98827556__98837381",1
"chr8",98828286,98837381,1,"8__98828286__98837381",1
"chr7",98992276,99002576,2,"7__98992276__99002576",2
"chr7",98995485,99002576,1,"7__98995485__99002576",1
"chr2",99072268,99084979,1,"2__99072268__99084979",1
"chr8",99116717,99120979,1,"8__99116717__99120979",1
"chr6",99202175,99295556,1,"6__99202175__99295556",1
"chr3",99577771,99587273,1,"3__99577771__99587273",1
"chr9",99680925,99705034,1,"9__99680925__99705034",1
"chr2",99786013,99787892,17,"2__99786013__99787892",17
"chr7",99952766,99953427,13,"7__99952766__99953427",13
"chr7",99972136,99972304,1,"7__99972136__99972304",1
"chr2",99985855,99988193,4,"2__99985855__99988193",4
"chr3",100100459,100105822,1,"3__100100459__100105822",1
"chr15",100245210,100245599,1,"15__100245210__100245599",1
"chr9",100416080,100425329,1,"9__100416080__100425329",1
"chr1",100515465,100527505,1,"1__100515465__100527505",1
"chr12",100570821,100590757,1,"12__100570821__100590757",1
"chr11",100637657,100730356,2,"11__100637657__100730356",2
"chr9",100780571,100788733,1,"9__100780571__100788733",1
"chr11",100687446,100792335,1,"11__100687446__100792335",1
"chr11",100730285,100792335,2,"11__100730285__100792335",2
"chr11",100803887,100820687,1,"11__100803887__100820687",1
"chr15",101091579,101105470,1,"15__101091579__101105470",1
"chr15",101091579,101106658,1,"15__101091579__101106658",1
"chr3",101374948,101378872,1,"3__101374948__101378872",1
"chr3",101371340,101383558,1,"3__101371340__101383558",1
"chr10",101556854,101560320,1,"10__101556854__101560320",1
"chr10",101556854,101572901,1,"10__101556854__101572901",1
"chr10",101590064,101596047,3,"10__101590064__101596047",3
"chr10",101611504,101611692,1,"10__101611504__101611692",1
"chr12",101711256,101721025,1,"12__101711256__101721025",1
"chr10",101728872,101731891,1,"10__101728872__101731891",1
"chr12",101732591,101736871,1,"12__101732591__101736871",1
"chr8",101744133,101749784,1,"8__101744133__101749784",1
"chr15",101775287,101775782,4,"15__101775287__101775782",4
"chr2",101874253,101885598,1,"2__101874253__101885598",1
"chr10",102107821,102108103,1,"10__102107821__102108103",1
"chr12",102147150,102153921,1,"12__102147150__102153921",1
"chr12",102301964,102308010,2,"12__102301964__102308010",2
"chr14",102442049,102449946,1,"14__102442049__102449946",1
"chr14",102468874,102469302,1,"14__102468874__102469302",1
"chr14",102506573,102507010,2,"14__102506573__102507010",2
"chr12",102673325,102676076,1,"12__102673325__102676076",1
"chr14",102806763,102806949,1,"14__102806763__102806949",1
"chr12",102775020,102816958,1,"12__102775020__102816958",1
"chr14",103130223,103148315,1,"14__103130223__103148315",1
"chr13",103275227,103280274,1,"13__103275227__103280274",1
"chr13",103275227,103309557,1,"13__103275227__103309557",1
"chr13",103289432,103309557,5,"13__103289432__103309557",5
"chr13",103303709,103309557,1,"13__103303709__103309557",1
"chr10",103432672,103433430,2,"10__103432672__103433430",2
"chr10",103384502,103436193,1,"10__103384502__103436193",1
"chr10",103427643,103436193,3,"10__103427643__103436193",3
"chr10",103432672,103436193,2,"10__103432672__103436193",2
"chr14",103470265,103478525,1,"14__103470265__103478525",1
"chr10",103783234,103785005,1,"10__103783234__103785005",1
"chr12",104200100,104208899,1,"12__104200100__104208899",1
"chr8",104258522,104258912,1,"8__104258522__104258912",1
"chr10",104445573,104465246,1,"10__104445573__104465246",1
"chr12",104514178,104517201,1,"12__104514178__104517201",1
"chr14",104618352,104618798,1,"14__104618352__104618798",1
"chr14",104633242,104633368,1,"14__104633242__104633368",1
"chr14",105168298,105168508,1,"14__105168298__105168508",1
"chr10",105197772,105198565,7,"10__105197772__105198565",7
"chr10",105199503,105200607,4,"10__105199503__105200607",4
"chr12",105280071,105322472,2,"12__105280071__105322472",2
"chr12",105321751,105322472,1,"12__105321751__105322472",1
"chr12",105385490,105389804,7,"12__105385490__105389804",7
"chr12",106477642,106500303,1,"12__106477642__106500303",1
"chr4",106832655,106833808,1,"4__106832655__106833808",1
"chr2",106987395,106987615,1,"2__106987395__106987615",1
"chr6",107419755,107420500,1,"6__107419755__107420500",1
"chr1",107601031,107601170,1,"1__107601031__107601170",1
"chr9",108059685,108072147,1,"9__108059685__108072147",1
"chr13",108251189,108317268,1,"13__108251189__108317268",1
"chr5",108316326,108321188,1,"5__108316326__108321188",1
"chr13",108269565,108334066,1,"13__108269565__108334066",1
"chr9",108483818,108484902,3,"9__108483818__108484902",3
"chr9",108483818,108510471,1,"9__108483818__108510471",1
"chr6",108676858,108687536,1,"6__108676858__108687536",1
"chr5",108666051,108698723,1,"5__108666051__108698723",1
"chr1",108873793,108876446,1,"1__108873793__108876446",1
"chr1",108873793,108881312,3,"1__108873793__108881312",3
"chr1",108873793,108882225,1,"1__108873793__108882225",1
"chr5",109049221,109051965,5,"5__109049221__109051965",5
"chr5",109049221,109065214,2,"5__109049221__109065214",2
"chr5",109049221,109125228,1,"5__109049221__109125228",1
"chr5",109091030,109125228,3,"5__109091030__109125228",3
"chr5",109103236,109159538,4,"5__109103236__109159538",4
"chr5",109152974,109159538,2,"5__109152974__109159538",2
"chr1",109180628,109180814,1,"1__109180628__109180814",1
"chr5",109152974,109183491,1,"5__109152974__109183491",1
"chr5",109181566,109183491,1,"5__109181566__109183491",1
"chr1",109336204,109339348,1,"1__109336204__109339348",1
"chr1",109336204,109342927,1,"1__109336204__109342927",1
"chr2",109356945,109370019,2,"2__109356945__109370019",2
"chr2",109388157,109389502,3,"2__109388157__109389502",3
"chr8",109462052,109462721,3,"8__109462052__109462721",3
"chr1",109766600,109774408,1,"1__109766600__109774408",1
"chr1",109773500,109774408,1,"1__109773500__109774408",1
"chr2",109945680,109964405,1,"2__109945680__109964405",1
"chr1",110125059,110129504,1,"1__110125059__110129504",1
"chr1",110601951,110602215,1,"1__110601951__110602215",1
"chr3",110863746,110911260,2,"3__110863746__110911260",2
"chr1",110898498,110914968,1,"1__110898498__110914968",1
"chr6",111054008,111057516,1,"6__111054008__111057516",1
"chr11",111477419,111491126,2,"11__111477419__111491126",2
"chr11",111486967,111491126,6,"11__111486967__111491126",6
"chr13",111556478,111557127,1,"13__111556478__111557127",1
"chr5",111570331,111576507,1,"5__111570331__111576507",1
"chr10",112356156,112358048,7,"10__112356156__112358048",7
"chr2",112529918,112550132,1,"2__112529918__112550132",1
"chr2",112545811,112558448,1,"2__112545811__112558448",1
"chr2",112596015,112601176,1,"2__112596015__112601176",1
"chr12",112666451,112668626,1,"12__112666451__112668626",1
"chr12",112939948,112944226,1,"12__112939948__112944226",1
"chr2",112988280,112996105,1,"2__112988280__112996105",1
"chr1",113196220,113202401,1,"1__113196220__113202401",1
"chr1",113201644,113212227,1,"1__113201644__113212227",1
"chr2",113251720,113260758,1,"2__113251720__113260758",1
"chr2",113258783,113260758,2,"2__113258783__113260758",2
"chr2",113260489,113260758,1,"2__113260489__113260758",1
"chr2",113251720,113278002,1,"2__113251720__113278002",1
"chr2",113404140,113405041,1,"2__113404140__113405041",1
"chr9",114140860,114145612,1,"9__114140860__114145612",1
"chr9",114148657,114154104,31,"9__114148657__114154104",31
"chr1",114235848,114235987,1,"1__114235848__114235987",1
"chr7",114582330,114619836,3,"7__114582330__114619836",3
"chr9",114676885,114688776,1,"9__114676885__114688776",1
"chr3",114790066,114796018,1,"3__114790066__114796018",1
"chr5",114876582,114878594,1,"5__114876582__114878594",1
"chr5",114868658,114878598,1,"5__114868658__114878598",1
"chr1",115256421,115258798,1,"1__115256421__115258798",1
"chr5",115627214,115639380,1,"5__115627214__115639380",1
"chr12",116401212,116406902,1,"12__116401212__116406902",1
"chr12",116534474,116549317,4,"12__116534474__116549317",4
"chr7",116614087,116616706,2,"7__116614087__116616706",2
"chr12",116642858,116675510,2,"12__116642858__116675510",2
"chr12",116668238,116675510,16,"12__116668238__116675510",16
"chr12",116668338,116675510,34,"12__116668338__116675510",34
"chr12",116674626,116675510,7,"12__116674626__116675510",7
"chr12",116675273,116675510,2,"12__116675273__116675510",2
"chr6",116914466,116916518,1,"6__116914466__116916518",1
"chr6",117010483,117026323,1,"6__117010483__117026323",1
"chr6",117019867,117026323,3,"6__117019867__117026323",3
"chr6",117019867,117037481,1,"6__117019867__117037481",1
"chr6",117013218,117047785,1,"6__117013218__117047785",1
"chr1",117487609,117516945,1,"1__117487609__117516945",1
"chr7",117825701,117828459,1,"7__117825701__117828459",1
"chr8",117861185,117870697,1,"8__117861185__117870697",1
"chr8",117862857,117879000,1,"8__117862857__117879000",1
"chrX",117900493,117910474,1,"X__117900493__117910474",1
"chr1",117944808,117948267,36,"1__117944808__117948267",36
"chr7",117874485,117964629,1,"7__117874485__117964629",1
"chr6",118014205,118015343,1,"6__118014205__118015343",1
"chr5",118264232,118280344,4,"5__118264232__118280344",4
"chr6",118320221,118320709,1,"6__118320221__118320709",1
"chr11",118370647,118371409,1,"11__118370647__118371409",1
"chr12",118506182,118520234,1,"12__118506182__118520234",1
"chr8",118830674,118834836,1,"8__118830674__118834836",1
"chr12",118838634,118852275,1,"12__118838634__118852275",1
"chr8",119029046,119029263,1,"8__119029046__119029263",1
"chr10",119042313,119043335,1,"10__119042313__119043335",1
"chr11",119103158,119103405,2,"11__119103158__119103405",2
"chr11",119144578,119145663,1,"11__119144578__119145663",1
"chr11",119167628,119168191,1,"11__119167628__119168191",1
"chr6",119134265,119177708,1,"6__119134265__119177708",1
"chr11",119206791,119207357,1,"11__119206791__119207357",1
"chr11",119414234,119414858,1,"11__119414234__119414858",1
"chr6",119500688,119500831,1,"6__119500688__119500831",1
"chr3",119802895,119803492,1,"3__119802895__119803492",1
"chr3",120054672,120067370,1,"3__120054672__120067370",1
"chr11",120100224,120100369,1,"11__120100224__120100369",1
"chr3",120469370,120469847,8,"3__120469370__120469847",8
"chr3",120495270,120495511,2,"3__120495270__120495511",2
"chr12",120580311,120580745,1,"12__120580311__120580745",1
"chr12",120587410,120587847,2,"12__120587410__120587847",2
"chr2",120567413,120620219,1,"2__120567413__120620219",1
"chr8",120744123,120774848,1,"8__120744123__120774848",1
"chr8",120768246,120803699,1,"8__120768246__120803699",1
"chr8",120774655,120803699,1,"8__120774655__120803699",1
"chr8",120790259,120803699,2,"8__120790259__120803699",2
"chr8",120800578,120810086,4,"8__120800578__120810086",4
"chr8",120807772,120814265,1,"8__120807772__120814265",1
"chr8",120790259,120831746,1,"8__120790259__120831746",1
"chr1",120835810,120836418,2,"1__120835810__120836418",2
"chr8",120814034,120843961,1,"8__120814034__120843961",1
"chr8",120790259,120844838,1,"8__120790259__120844838",1
"chr8",120850499,120862756,1,"8__120850499__120862756",1
"chr1",121107154,121116815,1,"1__121107154__121116815",1
"chr3",121212325,121215779,1,"3__121212325__121215779",1
"chr3",121215655,121217517,1,"3__121215655__121217517",1
"chr12",121220458,121222396,3,"12__121220458__121222396",3
"chr3",121238718,121240996,1,"3__121238718__121240996",1
"chr5",121309891,121311082,1,"5__121309891__121311082",1
"chr3",122087023,122090647,1,"3__122087023__122090647",1
"chr11",122162992,122163111,1,"11__122162992__122163111",1
"chr11",122162992,122172131,1,"11__122162992__122172131",1
"chr11",122255074,122257337,1,"11__122255074__122257337",1
"chr11",122255074,122266520,1,"11__122255074__122266520",1
"chr11",122646927,122647918,2,"11__122646927__122647918",2
"chr11",122646927,122667741,1,"11__122646927__122667741",1
"chr4",122777432,122777526,1,"4__122777432__122777526",1
"chr11",122954388,122955421,1,"11__122954388__122955421",1
"chr12",123062219,123065217,2,"12__123062219__123065217",2
"chr12",123068825,123073363,2,"12__123068825__123073363",2
"chr12",123081737,123087434,1,"12__123081737__123087434",1
"chr7",123346331,123349277,1,"7__123346331__123349277",1
"chr4",123977542,123978443,1,"4__123977542__123978443",1
"chr12",124071294,124074996,16,"12__124071294__124074996",16
"chr3",124540160,124560398,1,"3__124540160__124560398",1
"chr11",124857752,124857958,2,"11__124857752__124857958",2
"chr3",125279223,125301822,1,"3__125279223__125301822",1
"chr3",125295033,125301822,1,"3__125295033__125301822",1
"chr8",125332327,125343033,1,"8__125332327__125343033",1
"chr5",125344233,125433854,1,"5__125344233__125433854",1
"chr5",125939262,125939875,1,"5__125939262__125939875",1
"chr8",126021213,126021585,5,"8__126021213__126021585",5
"chr8",126114256,126194498,3,"8__126114256__126194498",3
"chr8",126194345,126207514,1,"8__126194345__126207514",1
"chr6",126335950,126342269,1,"6__126335950__126342269",1
"chr8",126369461,126370060,2,"8__126369461__126370060",2
"chr5",126875619,126875751,1,"5__126875619__126875751",1
"chr7",127326779,127342559,1,"7__127326779__127342559",1
"chr7",127338929,127347701,3,"7__127338929__127347701",3
"chr7",127341217,127347701,1,"7__127341217__127347701",1
"chr3",127358088,127390456,1,"3__127358088__127390456",1
"chr3",127980971,127983624,7,"3__127980971__127983624",7
"chr8",128152989,128153816,1,"8__128152989__128153816",1
"chr8",128152989,128174329,6,"8__128152989__128174329",6
"chr8",128129122,128176771,1,"8__128129122__128176771",1
"chr8",128129122,128186609,10,"8__128129122__128186609",10
"chr8",128152989,128186609,12,"8__128152989__128186609",12
"chr8",128161042,128186609,1,"8__128161042__128186609",1
"chr8",128174167,128186609,3,"8__128174167__128186609",3
"chr8",128174167,128192083,1,"8__128174167__128192083",1
"chr8",128152522,128200129,1,"8__128152522__128200129",1
"chr8",128152989,128200129,1,"8__128152989__128200129",1
"chr8",128174167,128200129,1,"8__128174167__128200129",1
"chr8",128200030,128202227,1,"8__128200030__128202227",1
"chr8",128152989,128204092,1,"8__128152989__128204092",1
"chr8",128200030,128204092,5,"8__128200030__128204092",5
"chr7",128173699,128214845,1,"7__128173699__128214845",1
"chr7",128202369,128220148,1,"7__128202369__128220148",1
"chr7",128214774,128220148,2,"7__128214774__128220148",2
"chr8",128215408,128231211,1,"8__128215408__128231211",1
"chr8",128231055,128231211,1,"8__128231055__128231211",1
"chr8",128214287,128236720,1,"8__128214287__128236720",1
"chr8",128235783,128236720,3,"8__128235783__128236720",3
"chr8",128235783,128236929,1,"8__128235783__128236929",1
"chr7",128248172,128249633,1,"7__128248172__128249633",1
"chr7",128269448,128271923,1,"7__128269448__128271923",1
"chr7",128214774,128278951,1,"7__128214774__128278951",1
"chr8",129021836,129022690,2,"8__129021836__129022690",2
"chr8",129021836,129065317,1,"8__129021836__129065317",1
"chr4",129210515,129224190,1,"4__129210515__129224190",1
"chr4",129214089,129224190,3,"4__129214089__129224190",3
"chr4",129214089,129230075,1,"4__129214089__129230075",1
"chr3",129302410,129308370,1,"3__129302410__129308370",1
"chr4",129214089,129404642,2,"4__129214089__129404642",2
"chr3",129579783,129599402,1,"3__129579783__129599402",1
"chr3",129585853,129599402,2,"3__129585853__129599402",2
"chr3",129599152,129599402,3,"3__129599152__129599402",3
"chr3",129599152,129599405,1,"3__129599152__129599405",1
"chr6",129823750,129879311,3,"6__129823750__129879311",3
"chr5",130515788,130522802,2,"5__130515788__130522802",2
"chr5",130731256,130759321,1,"5__130731256__130759321",1
"chr9",131076087,131084688,2,"9__131076087__131084688",2
"chr7",131104526,131104635,1,"7__131104526__131104635",1
"chr10",131334505,131336707,1,"10__131334505__131336707",1
"chr9",131503051,131505024,1,"9__131503051__131505024",1
"chr2",131809856,131813268,1,"2__131809856__131813268",1
"chr10",132043383,132050329,1,"10__132043383__132050329",1
"chr10",132132698,132135187,1,"10__132132698__132135187",1
"chr3",132217970,132219757,1,"3__132217970__132219757",1
"chr6",132270160,132271507,1,"6__132270160__132271507",1
"chr12",132380146,132392076,1,"12__132380146__132392076",1
"chr5",132400672,132406188,1,"5__132400672__132406188",1
"chr5",132400672,132409818,1,"5__132400672__132409818",1
"chr5",132403109,132412590,1,"5__132403109__132412590",1
"chr5",132426885,132428481,1,"5__132426885__132428481",1
"chr7",132504484,132504582,1,"7__132504484__132504582",1
"chr5",132648346,132652344,1,"5__132648346__132652344",1
"chr5",132648346,132736678,1,"5__132648346__132736678",1
"chr5",132648346,132738041,1,"5__132648346__132738041",1
"chr5",132736430,132738041,1,"5__132736430__132738041",1
"chr5",132901243,132902910,1,"5__132901243__132902910",1
"chr5",132902877,132928071,1,"5__132902877__132928071",1
"chr5",132927955,132939684,1,"5__132927955__132939684",1
"chr5",132835823,132940629,1,"5__132835823__132940629",1
"chr5",132936055,132940629,1,"5__132936055__132940629",1
"chr5",132939549,132940629,2,"5__132939549__132940629",2
"chr8",132952746,132958880,1,"8__132952746__132958880",1
"chr8",132962216,132971910,2,"8__132962216__132971910",2
"chr8",132952746,132982890,1,"8__132952746__132982890",1
"chr8",133013016,133015532,1,"8__133013016__133015532",1
"chr12",133148874,133158852,2,"12__133148874__133158852",2
"chr3",133327717,133336170,1,"3__133327717__133336170",1
"chr3",133356720,133363207,2,"3__133356720__133363207",2
"chrX",133607389,133627620,4,"X__133607389__133627620",4
"chrX",133607389,133632714,3,"X__133607389__133632714",3
"chr9",133687463,133691706,1,"9__133687463__133691706",1
"chr2",135010666,135012215,1,"2__135010666__135012215",1
"chr2",135107376,135170586,1,"2__135107376__135170586",1
"chr7",135301881,135309973,1,"7__135301881__135309973",1
"chr7",135301881,135329766,1,"7__135301881__135329766",1
"chr7",135321079,135329766,1,"7__135321079__135329766",1
"chr7",135327940,135330979,1,"7__135327940__135330979",1
"chr2",135624112,135626611,1,"2__135624112__135626611",1
"chr2",136323351,136326379,3,"2__136323351__136326379",3
"chr3",136498996,136523445,1,"3__136498996__136523445",1
"chr2",136605623,136610485,1,"2__136605623__136610485",1
"chr2",136620177,136630413,2,"2__136620177__136630413",2
"chr9",136657012,136657329,1,"9__136657012__136657329",1
"chr5",137087922,137088197,1,"5__137087922__137088197",1
"chr5",137524763,137537137,1,"5__137524763__137537137",1
"chr3",138452203,138453646,1,"3__138452203__138453646",1
"chr3",138453476,138456728,1,"3__138453476__138456728",1
"chr3",138452203,138474737,1,"3__138452203__138474737",1
"chr7",138711454,138719424,5,"7__138711454__138719424",5
"chr7",138728566,138728697,2,"7__138728566__138728697",2
"chr7",138730823,138731203,1,"7__138730823__138731203",1
"chr9",138941482,138942426,1,"9__138941482__138942426",1
"chr9",139103110,139118720,1,"9__139103110__139118720",1
"chr9",139107000,139118720,1,"9__139107000__139118720",1
"chr9",139115609,139118720,1,"9__139115609__139118720",1
"chr9",139115853,139118720,1,"9__139115853__139118720",1
"chr9",139417302,139418431,1,"9__139417302__139418431",1
"chr9",139471676,139471952,1,"9__139471676__139471952",1
"chr7",139827242,139829453,1,"7__139827242__139829453",1
"chr4",140037803,140060651,1,"4__140037803__140060651",1
"chr4",140046318,140060651,2,"4__140046318__140060651",2
"chr5",140080404,140081714,1,"5__140080404__140081714",1
"chr4",140046318,140089196,1,"4__140046318__140089196",1
"chr9",140160329,140161538,1,"9__140160329__140161538",1
"chr9",140160329,140161798,1,"9__140160329__140161798",1
"chr4",140258002,140262223,1,"4__140258002__140262223",1
"chr4",140263980,140265493,2,"4__140263980__140265493",2
"chr7",140439612,140449218,1,"7__140439612__140449218",1
"chr4",140444508,140452746,1,"4__140444508__140452746",1
"chr7",140439612,140454033,5,"7__140439612__140454033",5
"chr9",140481419,140483170,1,"9__140481419__140483170",1
"chr7",140449087,140508795,1,"7__140449087__140508795",1
"chr7",140449087,140534503,1,"7__140449087__140534503",1
"chr7",140476712,140534503,1,"7__140476712__140534503",1
"chr7",140481376,140534503,1,"7__140481376__140534503",1
"chr4",140810511,140812121,2,"4__140810511__140812121",2
"chr7",140813066,140912504,1,"7__140813066__140912504",1
"chr3",141087463,141105779,1,"3__141087463__141105779",1
"chrX",141311818,141407206,1,"X__141311818__141407206",1
"chrX",141177077,141470911,1,"X__141177077__141470911",1
"chr8",142208088,142209325,1,"8__142208088__142209325",1
"chr8",142264088,142264728,15,"8__142264088__142264728",15
"chr3",142232343,142277618,1,"3__142232343__142277618",1
"chr3",142231102,142279296,1,"3__142231102__142279296",1
"chr3",142234237,142279296,2,"3__142234237__142279296",2
"chr3",142277466,142279296,1,"3__142277466__142279296",1
"chr3",142253922,142281190,1,"3__142253922__142281190",1
"chr3",142226773,142281951,1,"3__142226773__142281951",1
"chr1",143161883,143167062,1,"1__143161883__143167062",1
"chr1",143915700,144014093,2,"1__143915700__144014093",2
"chr4",144442582,144447613,1,"4__144442582__144447613",1
"chr4",144449021,144451679,1,"4__144449021__144451679",1
"chr4",144464662,144465125,5,"4__144464662__144465125",5
"chr6",144811207,144814592,2,"6__144811207__144814592",2
"chr6",144808684,144864006,1,"6__144808684__144864006",1
"chr6",144858718,144864006,1,"6__144858718__144864006",1
"chr6",145103058,145124283,1,"6__145103058__145124283",1
"chr1",145640883,145650540,4,"1__145640883__145650540",4
"chr1",145640883,145663367,1,"1__145640883__145663367",1
"chr1",145646115,145687091,1,"1__145646115__145687091",1
"chr8",145737775,145738154,1,"8__145737775__145738154",1
"chr5",147618096,147623183,1,"5__147618096__147623183",1
"chr7",148716084,148718239,3,"7__148716084__148718239",3
"chr2",148990814,149099905,2,"2__148990814__149099905",2
"chr6",149162780,149164952,1,"6__149162780__149164952",1
"chr1",149239868,149255307,4,"1__149239868__149255307",4
"chr5",149389674,149398260,1,"5__149389674__149398260",1
"chr2",149522524,149539349,1,"2__149522524__149539349",1
"chr7",149917334,149932342,1,"7__149917334__149932342",1
"chrX",150769999,150780225,1,"X__150769999__150780225",1
"chrX",150773118,150791536,1,"X__150773118__150791536",1
"chrX",150789402,150791536,1,"X__150789402__150791536",1
"chrX",150769999,150794002,1,"X__150769999__150794002",1
"chrX",150773118,150794002,2,"X__150773118__150794002",2
"chrX",150789402,150794002,1,"X__150789402__150794002",1
"chrX",150789402,150794009,1,"X__150789402__150794009",1
"chrX",150817087,150832820,1,"X__150817087__150832820",1
"chr5",151185555,151186785,1,"5__151185555__151186785",1
"chr7",151181823,151195266,1,"7__151181823__151195266",1
"chrX",151514053,151533068,1,"X__151514053__151533068",1
"chr6",151682621,151684326,1,"6__151682621__151684326",1
"chrX",151804336,151808254,5,"X__151804336__151808254",5
"chrX",151804336,151809756,2,"X__151804336__151809756",2
"chr7",151960101,151962294,1,"7__151960101__151962294",1
"chr7",151949024,151970952,1,"7__151949024__151970952",1
"chr7",152007051,152012423,10,"7__152007051__152012423",10
"chr7",152007051,152055760,3,"7__152007051__152055760",3
"chr7",152027686,152055760,2,"7__152027686__152055760",2
"chr7",152007051,152132872,1,"7__152007051__152132872",1
"chr4",152336876,152403800,1,"4__152336876__152403800",1
"chr4",152375853,152403800,1,"4__152375853__152403800",1
"chr7",152755326,152768089,1,"7__152755326__152768089",1
"chr3",152882555,152896578,1,"3__152882555__152896578",1
"chr3",152896461,152902056,1,"3__152896461__152902056",1
"chr2",153431650,153437563,1,"2__153431650__153437563",1
"chr1",153784207,153785928,1,"1__153784207__153785928",1
"chr1",153963591,153964152,1,"1__153963591__153964152",1
"chr5",154202759,154203652,1,"5__154202759__154203652",1
"chr5",154245002,154247352,1,"5__154245002__154247352",1
"chrX",154645236,154649223,6,"X__154645236__154649223",6
"chr7",156397882,156398458,1,"7__156397882__156398458",1
"chr7",156469080,156472000,1,"7__156469080__156472000",1
"chr7",156758964,156759786,6,"7__156758964__156759786",6
"chr7",156761781,156762446,1,"7__156761781__156762446",1
"chr3",157839892,157841780,1,"3__157839892__157841780",1
"chr7",158662546,158669382,1,"7__158662546__158669382",1
"chr5",158695878,158697651,1,"5__158695878__158697651",1
"chr4",160107794,160131735,4,"4__160107794__160131735",4
"chr4",160225494,160235920,2,"4__160225494__160235920",2
"chr3",160239567,160249345,1,"3__160239567__160249345",1
"chr4",160225494,160253186,1,"4__160225494__160253186",1
"chr3",160253301,160254628,1,"3__160253301__160254628",1
"chr6",160412216,160431817,1,"6__160412216__160431817",1
"chr6",160467530,160469575,1,"6__160467530__160469575",1
"chr1",161721656,161723051,2,"1__161721656__161723051",2
"chr2",162223989,162227833,1,"2__162223989__162227833",1
"chr2",162223989,162251714,2,"2__162223989__162251714",2
"chr4",164428185,164448104,1,"4__164428185__164448104",1
"chr4",166261528,166262901,2,"4__166261528__166262901",2
"chr6",166124507,166316335,1,"6__166124507__166316335",1
"chr6",166404599,166405489,1,"6__166404599__166405489",1
"chr2",166607321,166607451,1,"2__166607321__166607451",1
"chr1",168025237,168025432,1,"1__168025237__168025432",1
"chr3",168871720,168871955,1,"3__168871720__168871955",1
"chr2",168869144,168921891,1,"2__168869144__168921891",1
"chr2",168920010,168931741,1,"2__168920010__168931741",1
"chr2",168920010,168986268,1,"2__168920010__168986268",1
"chr2",168994598,168997268,1,"2__168994598__168997268",1
"chr2",168986051,169023917,1,"2__168986051__169023917",1
"chr2",168994598,169023917,2,"2__168994598__169023917",2
"chr2",169018297,169023917,2,"2__169018297__169023917",2
"chr2",168986051,169038600,2,"2__168986051__169038600",2
"chr2",169018297,169038600,3,"2__169018297__169038600",3
"chr2",170728746,170735084,1,"2__170728746__170735084",1
"chr2",170728836,170751821,1,"2__170728836__170751821",1
"chr2",171641156,171649430,1,"2__171641156__171649430",1
"chr5",172461439,172461576,1,"5__172461439__172461576",1
"chr1",173807328,173810111,1,"1__173807328__173810111",1
"chr4",174145265,174145570,1,"4__174145265__174145570",1
"chr4",174125130,174151184,1,"4__174125130__174151184",1
"chr4",174125130,174169591,1,"4__174125130__174169591",1
"chr4",174153603,174169591,1,"4__174153603__174169591",1
"chr4",174169131,174169591,4,"4__174169131__174169591",4
"chr2",175585159,175585514,1,"2__175585159__175585514",1
"chr5",175906189,175921276,1,"5__175906189__175921276",1
"chr4",177632653,177652678,1,"4__177632653__177652678",1
"chr3",178626310,178627494,1,"3__178626310__178627494",1
"chr3",178921332,178922376,1,"3__178921332__178922376",1
"chr5",178962166,178967833,1,"5__178962166__178967833",1
"chr1",179012850,179023773,1,"1__179012850__179023773",1
"chr5",179106891,179107044,1,"5__179106891__179107044",1
"chr2",179400459,179407088,2,"2__179400459__179407088",2
"chr3",179408029,179424864,2,"3__179408029__179424864",2
"chr3",179408029,179426745,1,"3__179408029__179426745",1
"chr3",179437728,179439377,1,"3__179437728__179439377",1
"chr3",179399666,179448497,1,"3__179399666__179448497",1
"chr3",179418796,179448497,1,"3__179418796__179448497",1
"chr3",179424722,179448497,1,"3__179424722__179448497",1
"chr3",179437728,179448497,2,"3__179437728__179448497",2
"chr3",179481790,179483636,1,"3__179481790__179483636",1
"chr2",180036847,180056593,2,"2__180036847__180056593",2
"chr1",180366651,180382606,1,"1__180366651__180382606",1
"chr1",180366651,180399397,2,"1__180366651__180399397",2
"chr1",180461404,180464660,1,"1__180461404__180464660",1
"chr1",180971742,180974599,2,"1__180971742__180974599",2
"chr3",182656423,182657411,1,"3__182656423__182657411",1
"chr3",182665026,182681837,1,"3__182665026__182681837",1
"chr3",182679014,182681837,1,"3__182679014__182681837",1
"chr3",183432932,183442319,1,"3__183432932__183442319",1
"chr3",183427957,183446639,1,"3__183427957__183446639",1
"chr3",183432932,183446639,1,"3__183432932__183446639",1
"chr3",183432932,183454617,2,"3__183432932__183454617",2
"chr3",183432932,183465504,1,"3__183432932__183465504",1
"chr3",183427957,183470041,1,"3__183427957__183470041",1
"chr4",184749331,184751143,1,"4__184749331__184751143",1
"chr4",186168448,186185764,1,"4__186168448__186185764",1
"chr4",186168448,186188309,16,"4__186168448__186188309",16
"chr4",186168448,186209236,1,"4__186168448__186209236",1
"chr1",186294929,186295297,1,"1__186294929__186295297",1
"chr1",186283100,186303665,2,"1__186283100__186303665",2
"chr2",186946057,186951097,1,"2__186946057__186951097",1
"chr2",187366000,187367314,1,"2__187366000__187367314",1
"chr4",187538159,187549917,1,"4__187538159__187549917",1
"chr2",191485040,191494551,1,"2__191485040__191494551",1
"chr1",193110980,193121574,1,"1__193110980__193121574",1
"chr1",193172925,193181607,6,"1__193172925__193181607",6
"chr1",193181195,193181607,1,"1__193181195__193181607",1
"chr1",193172925,193205486,2,"1__193172925__193205486",2
"chr1",193181195,193205486,2,"1__193181195__193205486",2
"chr1",193202123,193205486,3,"1__193202123__193205486",3
"chr3",194140068,194140541,1,"3__194140068__194140541",1
"chr3",194180200,194182965,1,"3__194180200__194182965",1
"chr3",194857098,194857899,1,"3__194857098__194857899",1
"chr3",195022304,195047688,1,"3__195022304__195047688",1
"chr3",196304324,196304680,1,"3__196304324__196304680",1
"chr3",196533450,196534785,4,"3__196533450__196534785",4
"chr3",196533450,196539722,1,"3__196533450__196539722",1
"chr3",196543409,196545027,1,"3__196543409__196545027",1
"chr3",196509651,196547438,1,"3__196509651__196547438",1
"chr3",196537461,196547438,1,"3__196537461__196547438",1
"chr3",196742236,196744161,1,"3__196742236__196744161",1
"chr2",198367763,198368054,1,"2__198367763__198368054",1
"chr2",201784945,201802689,1,"2__201784945__201802689",1
"chr2",201800422,201802689,2,"2__201800422__201802689",2
"chr2",201796062,201807500,1,"2__201796062__201807500",1
"chr1",201821232,201828122,1,"1__201821232__201828122",1
"chr1",201826224,201828122,1,"1__201826224__201828122",1
"chr1",201826224,201840455,1,"1__201826224__201840455",1
"chr1",201845719,201846279,1,"1__201845719__201846279",1
"chr2",203419975,203421254,1,"2__203419975__203421254",1
"chr1",203801840,203801957,1,"1__203801840__203801957",1
"chr2",203933116,203964435,1,"2__203933116__203964435",1
"chr2",204058518,204062114,1,"2__204058518__204062114",1
"chr1",204234070,204243937,1,"1__204234070__204243937",1
"chr1",205686828,205698749,1,"1__205686828__205698749",1
"chr1",205689629,205698749,1,"1__205689629__205698749",1
"chr1",205693054,205698749,2,"1__205693054__205698749",2
"chr2",206874301,206884569,2,"2__206874301__206884569",2
"chr2",206986484,206987081,1,"2__206986484__206987081",1
"chr2",207025606,207025856,1,"2__207025606__207025856",1
"chr1",207069339,207069514,1,"1__207069339__207069514",1
"chr1",207510225,207510326,1,"1__207510225__207510326",1
"chr2",207731421,207746615,1,"2__207731421__207746615",1
"chr1",208266131,208270228,1,"1__208266131__208270228",1
"chr2",210896191,210902178,1,"2__210896191__210902178",1
"chr1",213037067,213037861,2,"1__213037067__213037861",2
"chr1",213037067,213046160,1,"1__213037067__213046160",1
"chr1",213037067,213062599,2,"1__213037067__213062599",2
"chr1",214788175,214792563,2,"1__214788175__214792563",2
"chr1",214802389,214805945,1,"1__214802389__214805945",1
"chr1",214820421,214837123,1,"1__214820421__214837123",1
"chr1",220439036,220439170,1,"1__220439036__220439170",1
"chr1",222997198,223000943,2,"1__222997198__223000943",2
"chr1",222997226,223058567,1,"1__222997226__223058567",1
"chr1",225226396,225284941,2,"1__225226396__225284941",2
"chr1",225266909,225284941,1,"1__225266909__225284941",1
"chr1",225260438,225311316,1,"1__225260438__225311316",1
"chr1",225284820,225355730,1,"1__225284820__225355730",1
"chr1",225305386,225373127,1,"1__225305386__225373127",1
"chr1",225355641,225373127,7,"1__225355641__225373127",7
"chr1",225355641,225393881,2,"1__225355641__225393881",2
"chr1",225372993,225393881,1,"1__225372993__225393881",1
"chr1",225355641,225394922,2,"1__225355641__225394922",2
"chr1",225372993,225394922,1,"1__225372993__225394922",1
"chr1",225355641,225418853,1,"1__225355641__225418853",1
"chr1",229577575,229588390,1,"1__229577575__229588390",1
"chr1",229654091,229667478,1,"1__229654091__229667478",1
"chr1",229672109,229678118,1,"1__229672109__229678118",1
"chr1",229661683,229685181,2,"1__229661683__229685181",2
"chr2",232573973,232574094,1,"2__232573973__232574094",1
"chr2",232576885,232577000,1,"2__232576885__232577000",1
"chr1",234573021,234586312,1,"1__234573021__234586312",1
"chr1",234582549,234586312,4,"1__234582549__234586312",4
"chr1",234573021,234608557,1,"1__234573021__234608557",1
"chr1",234582549,234608557,1,"1__234582549__234608557",1
"chr1",234586174,234608557,3,"1__234586174__234608557",3
"chr1",234593413,234608557,1,"1__234593413__234608557",1
"chr1",234553830,234613183,1,"1__234553830__234613183",1
"chr2",239341954,239342336,1,"2__239341954__239342336",1
"chr1",241751515,241755422,3,"1__241751515__241755422",3
"chr1",242060067,242072365,2,"1__242060067__242072365",2
"chr1",242060261,242072365,1,"1__242060261__242072365",1
"chr1",244572787,244574738,1,"1__244572787__244574738",1
"chr1",245006437,245012158,7,"1__245006437__245012158",7
"chr1",245008549,245012158,2,"1__245008549__245012158",2
"chr1",246350045,246350244,1,"1__246350045__246350244",1
"chr1",246350045,246357265,3,"1__246350045__246357265",3
"chr1",246350045,246437669,1,"1__246350045__246437669",1
"chr1",246890194,246903603,1,"1__246890194__246903603",1
"chr1",246890194,246907427,3,"1__246890194__246907427",3
"chr1",246899277,246907427,2,"1__246899277__246907427",2
"chr1",246888424,246930631,1,"1__246888424__246930631",1
"chr1",247076534,247081679,1,"1__247076534__247081679",1
"chr1",247362662,247365382,1,"1__247362662__247365382",1
